var,country,year,metric,window_days,corr_era5_rcp26,n_era5_rcp26,corr_era5_rcp45,n_era5_rcp45,corr_rcp26_rcp45,n_rcp26_rcp45,era5_roll_mean,era5_roll_std,rcp26_roll_mean,rcp26_roll_std,rcp45_roll_mean,rcp45_roll_std
rsds,DE,2010,corr_raw_full_year,,0.887400411808973,2920,0.8973323439438836,2920,0.940996774630749,2920,,,,,,
rsds,DE,2010,corr_rolling_mean_full_year,2.0,0.8297259301641757,2920,0.846177308348664,2920,0.9029948162201826,2920,123.93494124225619,86.27027748882283,140.97753253734547,85.63783608810769,140.94676375210832,82.35414191274013
rsds,DE,2010,corr_rolling_mean_full_year,5.0,0.8825327482896874,2920,0.8942910534768576,2920,0.9370788489005275,2920,123.96116439191705,82.71376213084066,140.94597809202682,84.00724563893239,140.93523944821374,80.77103286387359
rsds,DE,2010,corr_rolling_mean_full_year,7.0,0.9001397157869317,2920,0.9086480950629849,2920,0.9502412724706114,2920,123.98023044389187,81.6247970031418,140.93692282621254,83.39745049270239,140.93247244251083,80.20833264380879
rsds,DE,2010,corr_rolling_mean_full_year,14.0,0.9347250728295957,2920,0.9351474150011271,2920,0.9741673003957263,2920,124.05200144577113,79.57486078620268,140.92331720427129,82.20637034295406,140.86074742648032,79.23505031813403
rsds,DE,2010,corr_rolling_mean_full_year,30.0,0.9639877484030716,2920,0.9648454701265882,2920,0.9884570610742658,2920,124.15568257778934,76.98651429591247,140.96995835536845,80.79337267133269,140.82168954424162,78.04144893532695
rsds,DK,2010,corr_raw_full_year,,0.8823096030404469,2920,0.8608694224888346,2920,0.8961269293404918,2920,,,,,,
rsds,DK,2010,corr_rolling_mean_full_year,2.0,0.8769407640859794,2920,0.836393272481309,2920,0.8772609505721315,2920,113.46229289409654,88.25823588330992,133.4962334264254,95.87894637347745,128.25797288767097,91.0582053208497
rsds,DK,2010,corr_rolling_mean_full_year,5.0,0.9342397383601859,2920,0.8888091122845735,2920,0.9265760804408409,2920,113.49125052039244,85.04601305639814,133.5187706934333,93.56184713528879,128.25885382320243,88.35823183359803
rsds,DK,2010,corr_rolling_mean_full_year,7.0,0.9538601055201441,2920,0.9114900697651945,2920,0.9415164791630604,2920,113.50842338986037,83.84031580902138,133.53165874286273,92.86499016633881,128.25828172411838,87.43234038646834
rsds,DK,2010,corr_rolling_mean_full_year,14.0,0.9809389543125802,2920,0.9504699844207057,2920,0.9644048250219667,2920,113.54772767891167,81.87801099053821,133.56711963051788,91.54626922343394,128.21790811784484,85.91642925069709
rsds,DK,2010,corr_rolling_mean_full_year,30.0,0.99376742971313,2920,0.982167261891986,2920,0.9845216727563859,2920,113.56296166176573,79.88329884199666,133.6706647681785,89.83763618401244,128.20787075869168,84.41667266887596
rsds,IT,2010,corr_raw_full_year,,0.9378322822679976,2920,0.9358938846625625,2920,0.9603261104500294,2920,,,,,,
rsds,IT,2010,corr_rolling_mean_full_year,2.0,0.8794141724773493,2920,0.8809479844529926,2920,0.8929793847070013,2920,169.00779887863402,88.69908971472286,181.28781314096628,77.55890873627746,178.88416615062818,80.7459211243332
rsds,IT,2010,corr_rolling_mean_full_year,5.0,0.9311926907611068,2920,0.9229343238299864,2920,0.9291474135265045,2920,168.9876033894347,86.51803608786778,181.35437162438828,75.62079563019165,178.939476102783,79.3525391069202
rsds,IT,2010,corr_rolling_mean_full_year,7.0,0.9497846751442863,2920,0.936419717484992,2920,0.9428535837322584,2920,168.98649115548912,85.84082730949845,181.36900020488284,74.97571773863571,178.9717587904591,78.79705254605145
rsds,IT,2010,corr_rolling_mean_full_year,14.0,0.9708803275583708,2920,0.9555246254349379,2920,0.9687695170073723,2920,169.07764979939347,84.64613555792198,181.40970901526424,73.97742831946208,178.9996021845356,77.58540296234989
rsds,IT,2010,corr_rolling_mean_full_year,30.0,0.9820069949366004,2920,0.9681191809266251,2920,0.9833081037548749,2920,169.09043689407844,83.3060050692589,181.3683263529581,72.93348452977911,179.04035169936378,76.15654808592191
rsds,CH,2010,corr_raw_full_year,,0.8478030391529433,2920,0.86805705842675,2920,0.9192670254887547,2920,,,,,,
rsds,CH,2010,corr_rolling_mean_full_year,2.0,0.705876022362269,2920,0.7630735346113726,2920,0.8394319160716907,2920,142.3867712183466,83.39482249816058,161.93675871497945,78.43046800536192,169.3908497705742,84.44650982119245
rsds,CH,2010,corr_rolling_mean_full_year,5.0,0.7957821665151711,2920,0.8390486712890025,2920,0.905440518241306,2920,142.43747744966348,78.29219395051138,161.87992460955988,74.8798713719572,169.4210865589759,81.78832752200516
rsds,CH,2010,corr_rolling_mean_full_year,7.0,0.8315640562824081,2920,0.866184270906412,2920,0.9250439831440416,2920,142.47203018856925,76.42833432400035,161.83069196011195,73.96690450854715,169.435799881079,80.95483879125115
rsds,CH,2010,corr_rolling_mean_full_year,14.0,0.8983300912208129,2920,0.9166841793809093,2920,0.9629567394993559,2920,142.6007501173258,72.74890281685697,161.72848564752266,72.47354118186965,169.3637514819566,79.85440611704124
rsds,CH,2010,corr_rolling_mean_full_year,30.0,0.9496885314693718,2920,0.9589832696768643,2920,0.9840931740706328,2920,142.82143792446493,68.93565740999982,161.60363362816196,71.30038923936239,169.2816291027033,78.74867451484477
rsds,FR,2010,corr_raw_full_year,,0.919115339833223,2920,0.9100181937065128,2920,0.9516442196322888,2920,,,,,,
rsds,FR,2010,corr_rolling_mean_full_year,2.0,0.8540107022519412,2920,0.8272638642546423,2920,0.9029177025142923,2920,149.14426523824562,86.19801178575099,148.8956844250323,74.10592363065723,156.3693653138085,83.2109232636931
rsds,FR,2010,corr_rolling_mean_full_year,5.0,0.9037014076459757,2920,0.8695127290082365,2920,0.9369402240727891,2920,149.16986990013214,83.36907527470746,148.9032105179832,72.51734998952749,156.3957636353056,81.68656625895349
rsds,FR,2010,corr_rolling_mean_full_year,7.0,0.9245651592594193,2920,0.8903989652076599,2920,0.9486265859204269,2920,149.17939143888384,82.19253698626976,148.88316174114374,72.05900749383133,156.42117440640465,81.06986862851943
rsds,FR,2010,corr_rolling_mean_full_year,14.0,0.9580096001746183,2920,0.9366469868649723,2920,0.9722345532261454,2920,149.25377781207558,79.85555902363363,148.8560575114446,71.24583929968523,156.43959945884623,79.7254870770169
rsds,FR,2010,corr_rolling_mean_full_year,30.0,0.9832219453969444,2920,0.9774023070642642,2920,0.9888276693006106,2920,149.30266121730267,76.96073850378022,148.74656960096843,70.2573341966142,156.37498634993068,78.55363173598552
rsds,ES,2010,corr_raw_full_year,,0.9446480926401694,2920,0.9389726742529962,2920,0.9606439607506306,2920,,,,,,
rsds,ES,2010,corr_rolling_mean_full_year,2.0,0.8725282248862618,2920,0.8584267038318771,2920,0.8863309489689332,2920,189.60246442250676,91.45278899821835,196.29084588466833,81.95825615423028,195.36104235871957,83.68080833496249
rsds,ES,2010,corr_rolling_mean_full_year,5.0,0.9136560807888539,2920,0.9026472626476411,2920,0.9235334096156297,2920,189.59725662530954,89.1870963394675,196.37947553101026,80.13354528515873,195.45632991810555,81.95113687155427
rsds,ES,2010,corr_rolling_mean_full_year,7.0,0.9302412087198897,2920,0.9202192693940786,2920,0.9390280081555914,2920,189.5419241777193,88.37785285957686,196.44028774331562,79.38784417814475,195.49497826786526,81.30457514094496
rsds,ES,2010,corr_rolling_mean_full_year,14.0,0.9642898919063647,2920,0.9508468411743051,2920,0.9639543097400421,2920,189.4354809427288,86.44648826130965,196.6132981724806,77.76902350992937,195.45817601640823,80.41579703419454
rsds,ES,2010,corr_rolling_mean_full_year,30.0,0.9756364485907331,2920,0.9692708994493555,2920,0.9789597370003275,2920,189.1833919925946,84.96397250260011,196.65051629473032,76.17693831109487,195.23399345221594,79.44284845564297
rsds,GB,2010,corr_raw_full_year,,0.9131059656832239,2920,0.9162951279179917,2920,0.9381154405510749,2920,,,,,,
rsds,GB,2010,corr_rolling_mean_full_year,2.0,0.898243558880387,2920,0.8947856780934289,2920,0.9218497239637257,2920,112.54764279421187,75.25044884092125,124.03869007635583,77.02203503086257,126.18751008018934,78.3124024780543
rsds,GB,2010,corr_rolling_mean_full_year,5.0,0.9354700523360965,2920,0.9344228681072164,2920,0.95335005606865,2920,112.59539821466436,73.43974230112279,124.04935807110634,75.64887468766305,126.18740929646492,77.00673598047275
rsds,GB,2010,corr_rolling_mean_full_year,7.0,0.9461483036397385,2920,0.9451927788613469,2920,0.9635526684812888,2920,112.62546873285544,72.89720744593643,124.06989955259263,75.22378304180674,126.19228321704031,76.58338459003602
rsds,GB,2010,corr_rolling_mean_full_year,14.0,0.965024325594503,2920,0.9665523344692508,2920,0.9801019869343703,2920,112.69901911364406,71.7435389569937,124.12495040993724,74.36157805430467,126.22652965667857,75.77202736832515
rsds,GB,2010,corr_rolling_mean_full_year,30.0,0.9837408156728243,2920,0.9907201766339393,2920,0.9896916048566164,2920,112.7523436928744,70.10001891994021,124.2898648315313,73.1073733099145,126.31116536899766,74.63335450632171
sfcWind,DE,2010,corr_raw_full_year,,0.041090726750633765,2920,0.048699501819430786,2920,0.2314222724191522,2920,,,,,,
sfcWind,DE,2010,corr_rolling_mean_full_year,2.0,0.08065602473252229,2920,0.08372972543529805,2920,0.2523813077199382,2920,2.949172110702955,0.873156876291762,3.6409783292539113,1.3404340168836104,3.494270371788551,1.3266791867367314
sfcWind,DE,2010,corr_rolling_mean_full_year,5.0,0.11373494399279784,2920,0.1221144641533364,2920,0.3321970920040236,2920,2.9521503910641838,0.6770489538373712,3.6513383519867246,1.208922165983743,3.506125015283446,1.1447695693233046
sfcWind,DE,2010,corr_rolling_mean_full_year,7.0,0.14194264835789872,2920,0.1431466551794265,2920,0.37115116697377953,2920,2.9524658215762236,0.6113240290138342,3.654549761291331,1.1616812195810522,3.5123049481719013,1.0592214231274868
sfcWind,DE,2010,corr_rolling_mean_full_year,14.0,0.22067118807202615,2920,0.20064221588112038,2920,0.4880359743551591,2920,2.9476718040129892,0.5188681934231801,3.6541386679437293,1.0488824950274787,3.5362394422506953,0.878739920206248
sfcWind,DE,2010,corr_rolling_mean_full_year,30.0,0.2843087674831653,2920,0.3441114406003111,2920,0.6482486654202442,2920,2.934330578033367,0.44232454562279583,3.6450870155874515,0.9325354965076454,3.568822227076852,0.7512984444835419
sfcWind,DK,2010,corr_raw_full_year,,0.024887081574749892,2920,0.0029426389594529633,2920,0.08241603603044308,2920,,,,,,
sfcWind,DK,2010,corr_rolling_mean_full_year,2.0,0.04067164933721727,2920,0.05750352069171578,2920,0.1229504718785783,2920,4.738470238242836,1.3656309251378005,5.187178298473612,1.8736871522370604,5.4106549919363545,2.023621575192819
sfcWind,DK,2010,corr_rolling_mean_full_year,5.0,0.10073743134031776,2920,0.14488628382737695,2920,0.23324448515371876,2920,4.739672633873605,0.9787273598279143,5.205749112438872,1.5497125079388563,5.417594245004278,1.6906974280475615
sfcWind,DK,2010,corr_rolling_mean_full_year,7.0,0.12645770006467094,2920,0.1982124523953398,2920,0.28050807241098835,2920,4.740844186621627,0.8665130132302927,5.209558971044251,1.4500630117291864,5.421407899834981,1.5603621877828189
sfcWind,DK,2010,corr_rolling_mean_full_year,14.0,0.17056095483130757,2920,0.3175820485620771,2920,0.41853776614390925,2920,4.739237309675112,0.6681553229677023,5.1994055954972405,1.2715438036600688,5.438223136914349,1.2509297676694136
sfcWind,DK,2010,corr_rolling_mean_full_year,30.0,0.3295400763069551,2920,0.4859357725754609,2920,0.5587340759165669,2920,4.749859685105217,0.5592785655638054,5.171379280529487,1.1226575217066306,5.4772136177467345,1.0418719576876707
sfcWind,IT,2010,corr_raw_full_year,,0.143616193945889,2920,0.15965379943456598,2920,0.13685409752957267,2920,,,,,,
sfcWind,IT,2010,corr_rolling_mean_full_year,2.0,0.13272893186717605,2920,0.20812810124217032,2920,0.08614728332186068,2920,1.9526538980546448,0.5683802212677812,2.467454529975317,0.564125250301591,2.539912824630532,0.5174120559215649
sfcWind,IT,2010,corr_rolling_mean_full_year,5.0,0.21934845312888393,2920,0.32382955320042717,2920,0.139205153845854,2920,1.9619848255346537,0.44899424908974106,2.467990614172959,0.46102382269611797,2.542825677214129,0.4007091465095889
sfcWind,IT,2010,corr_rolling_mean_full_year,7.0,0.2690617715801582,2920,0.3958447328820182,2920,0.16865655475564897,2920,1.9654564882432854,0.4148186458633787,2.469024035033391,0.4287806431067395,2.544988409442343,0.361277778703501
sfcWind,IT,2010,corr_rolling_mean_full_year,14.0,0.36140346183471156,2920,0.5681871064969217,2920,0.2532532571388664,2920,1.9702813779419128,0.3739899435387379,2.4720055743011287,0.3732573215460693,2.5505245216464445,0.3021018469408069
sfcWind,IT,2010,corr_rolling_mean_full_year,30.0,0.5276948159487357,2920,0.7836172103918629,2920,0.3332555849026432,2920,1.9724964594826024,0.33662192426728194,2.4889769110597832,0.3119998277601919,2.5555032634626245,0.260438232877939
sfcWind,CH,2010,corr_raw_full_year,,0.15606444158715993,2920,0.10019420071632623,2920,0.33911340892720543,2920,,,,,,
sfcWind,CH,2010,corr_rolling_mean_full_year,2.0,0.18848242994312614,2920,0.1523220639296713,2920,0.4387776628717452,2920,1.3401706180495887,0.4058800752199944,1.927250430661548,0.5888038172190696,1.803296156093896,0.5613082630817768
sfcWind,CH,2010,corr_rolling_mean_full_year,5.0,0.2510635616094799,2920,0.23395884704663117,2920,0.524678138192388,2920,1.3427572660868423,0.30816843136813177,1.9308235541715644,0.5419658717521096,1.8051861128532718,0.48563642605129637
sfcWind,CH,2010,corr_rolling_mean_full_year,7.0,0.2807874307908618,2920,0.24261123125829953,2920,0.5693501471669044,2920,1.3431441466144727,0.2764762159280835,1.9333667289966026,0.5256721700533585,1.805989367273949,0.4572376747327482
sfcWind,CH,2010,corr_rolling_mean_full_year,14.0,0.34468289861969914,2920,0.2842061616735795,2920,0.6942611870190927,2920,1.3400397205002113,0.22409453505932592,1.9381270540474411,0.49457859172082785,1.8107679743577236,0.4070082407860568
sfcWind,CH,2010,corr_rolling_mean_full_year,30.0,0.3962067237604452,2920,0.42927965025104664,2920,0.8070511535764404,2920,1.3274005906942072,0.17704220581408162,1.94482167373251,0.4652037995041361,1.8201164440509354,0.3684866663154087
sfcWind,FR,2010,corr_raw_full_year,,0.0664444977564626,2920,0.0448083516067179,2920,0.11167741631660365,2920,,,,,,
sfcWind,FR,2010,corr_rolling_mean_full_year,2.0,0.11777956142620884,2920,0.12201824242845115,2920,0.11003148717176255,2920,2.9333211807610797,0.7758314324981097,3.5632130017260057,1.0558741618232281,3.249231713163129,0.8897935203010379
sfcWind,FR,2010,corr_rolling_mean_full_year,5.0,0.22696549222538806,2920,0.23611807614843072,2920,0.21571230035100508,2920,2.9349560667659107,0.6190938120535475,3.5663796887447186,0.8946134018214925,3.255061228420511,0.7270968862994319
sfcWind,FR,2010,corr_rolling_mean_full_year,7.0,0.2766197125060505,2920,0.27067728252282597,2920,0.26951742245119603,2920,2.934925696468654,0.5678135770519795,3.5704087212407285,0.8466785607590349,3.257540182284036,0.6799323858486948
sfcWind,FR,2010,corr_rolling_mean_full_year,14.0,0.32796631177642815,2920,0.33048168477489337,2920,0.44027682807827295,2920,2.9281502502225196,0.4850982011543833,3.5786241559448473,0.7668698607030007,3.27481767947096,0.5949554143051645
sfcWind,FR,2010,corr_rolling_mean_full_year,30.0,0.37906347794078504,2920,0.45323660893519796,2920,0.6400937982279441,2920,2.9155260470438504,0.4050770359934134,3.5940061056047057,0.7122346263445284,3.306823084530682,0.5213571666819714
sfcWind,ES,2010,corr_raw_full_year,,0.01878106563082206,2920,0.042967734054194164,2920,0.14310867694533716,2920,,,,,,
sfcWind,ES,2010,corr_rolling_mean_full_year,2.0,-0.03919517568870628,2920,0.015603600680472967,2920,0.0012323015180199766,2920,2.5537364528622724,0.811876492562071,3.098444748265555,0.8013006892424771,3.0319745624335064,0.7451348088136384
sfcWind,ES,2010,corr_rolling_mean_full_year,5.0,-0.04323659214481169,2920,0.05689517602573494,2920,0.0010694293584706163,2920,2.5590996009365576,0.6446231571142553,3.092190663429545,0.6410183769215869,3.026539897716214,0.6069986965522465
sfcWind,ES,2010,corr_rolling_mean_full_year,7.0,-0.057463109922754815,2920,0.0812993351347525,2920,0.009282140507502498,2920,2.5618466287036776,0.5933119830332538,3.0909098544022853,0.586500470432406,3.023534974133079,0.5441727656819104
sfcWind,ES,2010,corr_rolling_mean_full_year,14.0,-0.08349509196243902,2920,0.1131620609628502,2920,0.10596522247121784,2920,2.563376213528596,0.5107074834622345,3.0925149477126124,0.5012117594831308,3.0218467032493197,0.3862738774926801
sfcWind,ES,2010,corr_rolling_mean_full_year,30.0,-0.04358811943020911,2920,0.134475683088821,2920,0.13498927726710985,2920,2.571665344881791,0.4466664392870778,3.115443038816761,0.40846393100134126,3.0254351111310824,0.2717760220500754
sfcWind,GB,2010,corr_raw_full_year,,0.03315631366561251,2920,-0.00847204437537693,2920,0.12600040240375465,2920,,,,,,
sfcWind,GB,2010,corr_rolling_mean_full_year,2.0,0.017187022440538754,2920,0.003562971165061509,2920,0.134671673336632,2920,3.874970951096261,1.0568947332330947,4.0288461270178,1.3563510768305376,4.050562352976236,1.2088649268895484
sfcWind,GB,2010,corr_rolling_mean_full_year,5.0,0.028426877620146916,2920,0.05275634109724225,2920,0.2465147297131774,2920,3.880121819673919,0.8129542410716946,4.04529128925392,1.1624870001362977,4.06143661335361,0.961838037320601
sfcWind,GB,2010,corr_rolling_mean_full_year,7.0,0.042743350031577504,2920,0.07193967113796823,2920,0.3062084327176036,2920,3.880280845122556,0.7398416439901772,4.050082546123913,1.0864590624473305,4.0669577241672075,0.8777960889617177
sfcWind,GB,2010,corr_rolling_mean_full_year,14.0,0.05236635787652976,2920,0.09864723791474489,2920,0.4459751225200862,2920,3.8836231536149506,0.6314869183249452,4.053175072746887,0.9301034725119578,4.080012760803569,0.7283970649378297
sfcWind,GB,2010,corr_rolling_mean_full_year,30.0,0.1385983760620143,2920,0.13894033026171632,2920,0.6411513577584034,2920,3.8938270109633852,0.527716314379867,4.035599926289009,0.8248467889800755,4.094531917035969,0.5907561188740397
tas,DE,2010,corr_raw_full_year,,0.7889231364602111,2920,0.7955756003370191,2920,0.794600909675415,2920,,,,,,
tas,DE,2010,corr_rolling_mean_full_year,2.0,0.802209254504974,2920,0.8044022631527856,2920,0.7986108290060094,2920,281.41130532711003,8.067733690884623,282.32330116599917,6.771308957053728,281.35556263025995,7.744059838175907
tas,DE,2010,corr_rolling_mean_full_year,5.0,0.8345548801569679,2920,0.8328323762815423,2920,0.8274120505066073,2920,281.41857551300416,7.918018335784813,282.32298475067404,6.635467418439831,281.3601891325957,7.61630019019898
tas,DE,2010,corr_rolling_mean_full_year,7.0,0.8505094932923067,2920,0.8492331875360708,2920,0.842754135156116,2920,281.4218757501963,7.845077081427415,282.32136788969706,6.570585915467046,281.36841608638093,7.537707489576924
tas,DE,2010,corr_rolling_mean_full_year,14.0,0.8921330830315897,2920,0.8940593693071669,2920,0.8837791108956754,2920,281.4169356406675,7.674512291869414,282.3051722974727,6.420956436098231,281.44586821934047,7.241526266757489
tas,DE,2010,corr_rolling_mean_full_year,30.0,0.943307814270703,2920,0.9404835065506203,2920,0.931007724212005,2920,281.4015176887094,7.487137653290924,282.2232143693801,6.298832474081077,281.5618868253,6.835957310334008
tas,DK,2010,corr_raw_full_year,,0.8529063067501079,2920,0.86151578411258,2920,0.8343994223999927,2920,,,,,,
tas,DK,2010,corr_rolling_mean_full_year,2.0,0.8794287149525803,2920,0.8811925793031505,2920,0.8542889746079569,2920,280.2337480245607,7.615485985078238,281.9824761895484,5.955330009503899,281.3140120139533,6.446171585915292
tas,DK,2010,corr_rolling_mean_full_year,5.0,0.9021711662121361,2920,0.9022302381129682,2920,0.8783496013559946,2920,280.2332682141481,7.540467529531588,281.9875282892741,5.854375100565539,281.31742195521565,6.3494000201430465
tas,DK,2010,corr_rolling_mean_full_year,7.0,0.9112632554560224,2920,0.9119343119284761,2920,0.8903787577501368,2920,280.23728965061224,7.502331373338993,281.98625505047346,5.812730160555726,281.3253768022168,6.29340684716342
tas,DK,2010,corr_rolling_mean_full_year,14.0,0.933759212498104,2920,0.9311780493625065,2920,0.924088902072675,2920,280.2579435555233,7.393769189177065,281.9679337293153,5.735167272577497,281.37600294173245,6.121220847973948
tas,DK,2010,corr_rolling_mean_full_year,30.0,0.9570909990424703,2920,0.9546141394456187,2920,0.9606042029486981,2920,280.26249708978605,7.2691321494576915,281.90658910219514,5.687420005606189,281.4242168874804,5.896769316465454
tas,IT,2010,corr_raw_full_year,,0.8825358704117834,2920,0.8727778439308982,2920,0.8912408604326801,2920,,,,,,
tas,IT,2010,corr_rolling_mean_full_year,2.0,0.8886755171520371,2920,0.8797817239308987,2920,0.8938112418005445,2920,285.87792201787545,7.029116056558415,284.2607996537684,6.554592114269939,283.94384169372466,6.504726642147371
tas,IT,2010,corr_rolling_mean_full_year,5.0,0.9078147691949787,2920,0.9045515705310214,2920,0.9148446429091345,2920,285.893120690331,6.934858140115691,284.2501044090029,6.498044324457932,283.93368399841063,6.421945447145365
tas,IT,2010,corr_rolling_mean_full_year,7.0,0.9191654657892376,2920,0.9183749317405335,2920,0.9261105440085798,2920,285.90013388458874,6.883773289875589,284.24626419078567,6.461414821630242,283.9328598177066,6.373429140937944
tas,IT,2010,corr_rolling_mean_full_year,14.0,0.9476603498010959,2920,0.9490938926774829,2920,0.9533971683824608,2920,285.8937586549381,6.791885417971472,284.22895192665345,6.369040812461075,283.95890297119666,6.2358406587450075
tas,IT,2010,corr_rolling_mean_full_year,30.0,0.9762299781856677,2920,0.9714264494596138,2920,0.979840628268731,2920,285.9099215071012,6.6388510852791764,284.1852071860633,6.25680950095941,284.0137613786156,6.041824004642663
tas,CH,2010,corr_raw_full_year,,0.7725291772277975,2920,0.7702633732038886,2920,0.7919733349192616,2920,,,,,,
tas,CH,2010,corr_rolling_mean_full_year,2.0,0.7927977501764145,2920,0.7869197395073859,2920,0.8071020901207777,2920,277.67080362961923,8.23586891250001,275.9338637773151,6.745851039256548,275.32917120916863,7.657053085599356
tas,CH,2010,corr_rolling_mean_full_year,5.0,0.8313619066311287,2920,0.8273996002324293,2920,0.8414008720424877,2920,277.6677538362794,8.0643190928246,275.9371337318812,6.585603668133371,275.315054491619,7.502713544128904
tas,CH,2010,corr_rolling_mean_full_year,7.0,0.8517003241854842,2920,0.849067450507498,2920,0.8583052514291821,2920,277.6711410363311,7.969332519497945,275.93982416479105,6.507994116924513,275.3142242640416,7.430373148066967
tas,CH,2010,corr_rolling_mean_full_year,14.0,0.9009260470856117,2920,0.90199334159015,2920,0.8980389432085887,2920,277.6431179922136,7.793142887276888,275.93396124920565,6.338337515564713,275.37085467874454,7.181503161303988
tas,CH,2010,corr_rolling_mean_full_year,30.0,0.9517172075379711,2920,0.9439196585953642,2920,0.9420809094307887,2920,277.6143764117469,7.619816279164658,275.86858634602214,6.17716496018768,275.4983488774553,6.7929360224741115
tas,FR,2010,corr_raw_full_year,,0.7758265740411057,2920,0.8050541640985384,2920,0.7745931633558627,2920,,,,,,
tas,FR,2010,corr_rolling_mean_full_year,2.0,0.7812010195692712,2920,0.808662021984237,2920,0.7751536978250245,2920,283.56624970719554,7.127815485729086,282.6640500357181,5.250349947943652,282.5859894424953,6.352614658385561
tas,FR,2010,corr_rolling_mean_full_year,5.0,0.8244912826775832,2920,0.8431667962416657,2920,0.8171582074651736,2920,283.5569714694149,7.001417503280316,282.6672285002889,5.104487578266432,282.58304003065666,6.2292644015529826
tas,FR,2010,corr_rolling_mean_full_year,7.0,0.8457989540910592,2920,0.8623822675745293,2920,0.8371316604743254,2920,283.55707049661714,6.928757657517927,282.6711179083321,5.034321991778853,282.5843815496099,6.172963668489934
tas,FR,2010,corr_rolling_mean_full_year,14.0,0.8927432959970275,2920,0.9132097612133411,2920,0.8835487937789761,2920,283.53847897740394,6.774144047432727,282.6710241373087,4.880591035155676,282.61966232134273,5.988652750055155
tas,FR,2010,corr_rolling_mean_full_year,30.0,0.9464711448643234,2920,0.9561598153535734,2920,0.9389939625331221,2920,283.5011059135144,6.633271557504822,282.6167430610301,4.73063573614322,282.7237848322145,5.683467559719644
tas,ES,2010,corr_raw_full_year,,0.8780405854195836,2920,0.8569769349774591,2920,0.8366576900095393,2920,,,,,,
tas,ES,2010,corr_rolling_mean_full_year,2.0,0.883886607626559,2920,0.8605955308119063,2920,0.8350591129010606,2920,286.751777777705,6.997320221557737,284.08263523605007,6.063849530303289,284.1168687392634,6.832311175354255
tas,ES,2010,corr_rolling_mean_full_year,5.0,0.9171582125473158,2920,0.8937892475786842,2920,0.8706603105429108,2920,286.7472061045338,6.886117081810998,284.07428199900795,5.939308345700235,284.1101870701682,6.712869402945887
tas,ES,2010,corr_rolling_mean_full_year,7.0,0.9349044414513056,2920,0.9129821424224215,2920,0.8900327082634812,2920,286.75315767164886,6.814765369113627,284.0691022479682,5.876162968036624,284.108330853829,6.653049678719931
tas,ES,2010,corr_rolling_mean_full_year,14.0,0.9672840353623966,2920,0.9569102529813048,2920,0.9351876981714844,2920,286.7599505211452,6.651965154107235,284.0521309451435,5.748488782408416,284.1236501293362,6.489606715296852
tas,ES,2010,corr_rolling_mean_full_year,30.0,0.9850112560195982,2920,0.9868389049258021,2920,0.9739609983006524,2920,286.7382225020002,6.513405478437357,284.0089147933273,5.6135714092734315,284.18252420367384,6.2662676212994075
tas,GB,2010,corr_raw_full_year,,0.7965096716426836,2920,0.8105436395487514,2920,0.8232523726714687,2920,,,,,,
tas,GB,2010,corr_rolling_mean_full_year,2.0,0.8113010173744496,2920,0.8258766710592382,2920,0.839292882879311,2920,281.3786786275399,5.703967094468195,280.8127479609942,4.527064196913092,280.7578326352297,5.230248813125292
tas,GB,2010,corr_rolling_mean_full_year,5.0,0.8464651245284782,2920,0.8617716839771866,2920,0.8765364139349415,2920,281.35792467148826,5.61635002043344,280.81989193697945,4.4106856542980575,280.7560515717599,5.114609834334101
tas,GB,2010,corr_rolling_mean_full_year,7.0,0.8597957885388585,2920,0.8797391118307308,2920,0.8935778456572345,2920,281.3491274042743,5.577930947053779,280.81749755473373,4.372882734850709,280.7552285786794,5.058090160896293
tas,GB,2010,corr_rolling_mean_full_year,14.0,0.8861672223841325,2920,0.9216986098912835,2920,0.9315481473923736,2920,281.34772517810075,5.46228728231429,280.8051899241336,4.303099824899366,280.74626077311706,4.957662348979655
tas,GB,2010,corr_rolling_mean_full_year,30.0,0.9213891346952733,2920,0.9498918561476306,2920,0.9620649214524445,2920,281.3502162345854,5.340079022149405,280.72902013467365,4.284066953262849,280.7211091111137,4.889011332274428
