,,2025,2025,2030,2030,2035,2035,2040,2040,2045,2045,2050,2050
,,min,max,min,max,min,max,min,max,min,max,min,max
country,carrier,,,,,,,,,,,,
AL,onwind,,,,,,,540,660,540,660,540,660
AT,onwind,3632,4438,5191,20336,5970.5,28284.5,6750,36233,6750,40746,6750,45259
BA,onwind,117,143,741,906,1053,1287,1365,1668,1590,1943,1815,2218
BE,onwind,2862,3498,4356,6946,5103,8670.5,5850,10395,6518.5,10697.5,7187,11000
BG,onwind,,,,,540,1992,1080,3984,1687.5,6942,2295,9900
CH,onwind,90,110,126,688,144,976.5,162,1265,755,1855,1348,2445
CY,onwind,144,176,143,253,142.5,291.5,142,330,137.5,385,133,440
CZ,onwind,333,407,680,2080,853.5,2916,1027,3752,1933.5,4343.5,2840,4935
DE,onwind,66060,70000,100024,127545,129512,156447.5,159000,185350,160000,198000,161000,210650
DK,onwind,4374,5346,3987,9548,3793.5,11649,3600,13750,3600,13750,3600,13750
EE,onwind,612,748,619,1749,622.5,2249.5,626,2750,700.5,3410,775,4070
ES,onwind,30900,35200,43830,68695,54415,85442.5,65000,102190,70000,108525,75000,114860
FI,onwind,7398,9042,9549,40821,10624.5,56710.5,11700,72600,11700,94600,11700,116600
FR,onwind,24600,27071,24800,47086,27650,57093,30500,67100,35250,77550,40000,88000
GR,onwind,4698,5742,2709,4246,1714.5,3498,720,2750,810,2750,900,2750
HR,onwind,1116,1364,1458,2057,1629,2403.5,1800,2750,1800,3025,1800,3300
HU,onwind,297,363,148,1282,74,1741,,2200,,2750,,3300
IE,onwind,2700,3300,4500,6990,5400,8834.5,6300,10679,6300,11559,6300,12439
IT,onwind,11700,14300,12594,16427,13041.5,17490.5,13489,18554,15317,24380.5,17145,30207
LT,onwind,1512,1848,3200,3910,4043.5,4941.5,4887,5973,4986,6094,5085,6215
LU,onwind,189,231,94,390,47,470,,550,,605,,660
LV,onwind,126,154,222,380,269.5,492.5,317,605,317,660,317,715
ME,onwind,108,132,54,206,27,243,,280,,280,,280
MK,onwind,36,44,216,847,306,1248.5,396,1650,396,1650,396,1650
NL,onwind,6273,7667,7052,12138,7441,14374,7830,16610,8415,19305,9000,22000
PL,onwind,9261,11319,9493,27660,9609,35830,9725,44000,9725,56100,9725,68200
PT,onwind,4833,5907,7125,10104,8271,12202,9417,14300,9417,14300,9417,14300
RO,onwind,2727,3333,4064,6342,4732,7846,5400,9350,5400,9625,5400,9900
RS,onwind,666,814,2260,3054,3057,4173.5,3854,5293,3854,5293,3854,5293
SE,onwind,15345,18755,15090,28922,14963,34006,14836,39090,14836,46985,14836,54880
SI,onwind,,,,,54,186.5,108,373,83,416.5,58,460
SK,onwind,,,,,385,745.5,770,1491,835,1845.5,900,2200
GB,onwind,14130,17270,17087,31757,18565.5,39000.5,20044,46244,20044,50679.5,20044,55115
NO,onwind,4554,5566,4204,5138,4029,4924.5,3854,4711,3854,4711,3854,4711
AT,solar,7425,9075,9112,33138,9956,45169,10800,57200,10800,84700,10800,112200
BA,solar,27,33,603,737,891,1089,1179,1441,1404,1716,1629,1991
BE,solar,9630,11770,13815,25135,15907.5,31817.5,18000,38500,22050,49500,26100,60500
BG,solar,4383,5357,3542,7087,3121,7952,2700,8817,3150,9419,3600,10021
CH,solar,5733,7007,7412,20053,8706,25026.5,10000,30000,11500,37500,13000,45000
CY,solar,360,440,873,1430,1129.5,1925,1386,2420,1237.5,2420,1089,2420
CZ,solar,3978,4862,7197,12416,8806.5,16193.5,10416,19971,10842.5,21071,11269,22171
DE,solar,100000,115000,203772,267822,281886,333911,360000,400000,380000,455000,400000,510000
DK,solar,3330,4070,3623,28330,3769.5,40460.5,3916,52591,3916,52591,3916,52591
EE,solar,1053,1287,1066,2458,1073,3044,1080,3630,1197,4015,1314,4400
ES,solar,28839,35247,46904,106640,59452,133820,72000,161000,86500,170000,101000,179000
FI,solar,45,55,3172,24778,4736,37139,6300,49500,7200,68750,8100,88000
FR,solar,20000,23364,30708,90332,38854,116666,47000,143000,63500,196500,80000,250000
GR,solar,8100,9900,9450,19800,10125,24750,10800,29700,12150,39050,13500,48400
HR,solar,405,495,852,1348,1076,1774,1300,2200,1442.5,2853.5,1585,3507
HU,solar,7245,8855,9906,14742,11237,17685.5,12568,20629,14006.5,23182.5,15445,25736
IE,solar,,,,,3594,7239,7188,14478,7188,18953,7188,23428
IT,solar,33390,40810,47742,93796,54917.5,120289.5,62093,146783,73860,205349.5,85627,263916
LT,solar,1611,1969,3200,4064,3994,5112,4788,6160,5049,6325,5310,6490
LU,solar,486,594,599,1287,655.5,1633.5,712,1980,820.5,2186.5,929,2393
LV,solar,405,495,376,853,361.5,1032,347,1211,347,1748.5,347,2286
MT,solar,207,253,182,307,169,334,156,361,156,361,156,361
NL,solar,24534,29986,42978,84370,52199.5,111561.5,61421,138753,75703,170080.5,89985,201408
PL,solar,15939,19481,15123,45490,14715,58495,14307,71500,16153.5,88550,18000,105600
PT,solar,2331,4000,7192,17374,9623,24637,12054,31900,12054,31900,12054,31900
RO,solar,1431,1749,4450,10774,5960,15287,7470,19800,8370,28875,9270,37950
SE,solar,4464,5456,2446,4728,1437.5,4364,429,4000,329,5300,229,6600
SI,solar,1269,1551,1915,5151,2238,6951,2561,8751,3011,10731,3461,12711
SK,solar,477,583,1138,2079,1469,2827,1800,3575,2025,4537.5,2250,5500
GB,solar,16434,20086,19868,49757,22934,60878.5,26000,72000,26000,76000,26000,80000
AL,solar,176,215,628,768,854,1044,1080,1320,1080,1320,1080,1320
ME,solar,,,,,14,1037,28,2074,28,2074,28,2074
MK,solar,63,77,394,2212,559.5,3279,725,4346,725,4346,725,4346
RS,solar,63,77,304,476,424.5,675,545,874,545,874,545,874
NO,solar,702,858,936,2492,1053,3308.5,1170,4125,5373,13227.5,9576,22330
AT,offwind-all,,,,,,,,,,,,
AL,offwind-all,,,,,,,,,,,,
BA,offwind-all,,,,,,,,,,,,
BE,offwind-all,2034,2486,5184,6336,6174,7546,7164,8756,7164,8756,7164,8756
BG,offwind-all,639,781,469,554,384,441,299,328,448,492.5,597,657
CH,offwind-all,,,,,,,,,,,,
CY,offwind-all,,,,,,,,,,,,
CZ,offwind-all,,,,,,,,,,,,
DE,offwind-all,9200,10142,30000,33573,47500,52569,65000,71565,67500,73282.5,70000,75000
DK,offwind-all,2385,2915,7426,131078,15976,136578,24526,142078,31726,142078,38926,142078
EE,offwind-all,,,,1100,1575,4400,3150,7700,4725,9350,6300,11000
ES,offwind-all,,,2520,3740,2520,7040,2520,10340,2520,14740,2520,19140
FI,offwind-all,,,900,7700,2655,23100,4410,38500,7605,55000,10800,71500
FR,offwind-all,1338,1636,3800,4500,15200,16914.5,26600,29329,35300,44664.5,44000,60000
GB,offwind-all,13230,16170,46771,58026,66206.5,82577,85642,107128,92321,117307.5,99000,127487
GR,offwind-all,,,2430,3751,5805,11060.5,9180,18370,12465,21395,15750,24420
HR,offwind-all,,,459,561,769.5,940.5,1080,1320,1890,2310,2700,3300
HU,offwind-all,,,,,,,,,,,,
IE,offwind-all,,,4523,5691,7255,13845.5,9987,22000,12237,30250,14487,38500
IT,offwind-all,27,33,7650,9818,12150,16101.5,16650,22385,16650,30635,16650,38885
LT,offwind-all,,,1260,1725,2520,3172.5,3780,4620,5310,6490,6840,8360
LU,offwind-all,,,,,,,,,,,,
LV,offwind-all,,,450,1100,675,1650,900,2200,3825,8800,6750,15400
ME,offwind-all,,,,,,,,,,,,
MK,offwind-all,,,,,,,,,,,,
MT,offwind-all,,,,55,,247.5,,440,,440,,440
NL,offwind-all,4023,4917,14888,25818,30188,40707.5,45488,55597,55388,67697,65288,79797
NO,offwind-all,9,11,2703,3304,5853,9627,9003,15950,9003,18150,9003,20350
PL,offwind-all,,,9004,11990,9407,17985,9810,23980,9810,31240,9810,38500
PT,offwind-all,18,22,1800,2200,5400,6600,9000,11000,9000,11000,9000,11000
RO,offwind-all,,,900,2200,900,2750,900,3300,900,3850,900,4400
RS,offwind-all,,,,,,,,,,,,
SE,offwind-all,171,209,540,10890,5940,20460,11340,30030,16740,54615,22140,79200
SI,offwind-all,,,,,,,,,,,,
SK,offwind-all,,,,,,,,,,,,

