country,year,total residential space,electricity residential space,total services space,electricity services space
AL,2000,0.0786106520234163,0.0262035506744721,0.03523777279349957,0.011745924264499857
AL,2001,0.1023091533221583,0.0341030511073861,0.04501635189921489,0.015005450633071632
AL,2002,0.08450302523289596,0.028167675077631987,0.037425559483196424,0.012475186494398808
AL,2003,0.11078292045716842,0.036927640152389474,0.047699874365109966,0.015899958121703323
AL,2004,0.07504644447595814,0.025015481491986045,0.03374096229923435,0.011246987433078117
AL,2005,0.08257592941745774,0.027525309805819246,0.035513397115444295,0.011837799038481431
AL,2006,0.09255160009512016,0.030850533365040053,0.04139902977412268,0.013799676591374226
AL,2007,0.10921988145023892,0.03640662715007964,0.05103364926182729,0.017011216420609095
AL,2008,0.12171820169670626,0.040572733898902084,0.056325709714204475,0.018775236571401493
AL,2009,0.09909776994083137,0.033032589980277124,0.047534866363975935,0.015844955454658645
AL,2010,0.14502820635833824,0.048342735452779416,0.065805679666104,0.021935226555368
AL,2011,0.11124527525423397,0.03708175841807799,0.04701246785391921,0.01567082261797307
AL,2012,0.1965139199663619,0.06550463998878729,0.08392081795740162,0.02797360598580054
AL,2013,0.17884774248636912,0.059615914162123036,0.08143136605393966,0.027143788684646553
AL,2014,0.12296674447721768,0.04098891482573923,0.05927054327123175,0.01975684775707725
AL,2015,0.13282519758496375,0.04427506586165458,0.06350323821955037,0.021167746073183457
AL,2016,0.16836257611863617,0.05612085870621206,0.07106157049530457,0.023687190165101523
AL,2017,0.18879525376598807,0.06293175125532936,0.07523372730676502,0.025077909102255005
AL,2018,0.16827412286554053,0.05609137428851351,0.08012924777704225,0.026709749259014082
AL,2019,0.231822150778543,0.07727405025951434,0.09922136048189416,0.03307378682729805
AL,2020,0.2006064167531615,0.06686880558438717,0.08287294141057354,0.027624313803524512
AL,2021,0.2071723025522564,0.06905743418408547,0.12048877790915759,0.040162925969719196
AT,2000,0.0019284289610488,0.0006428096536829333,0.22462057059857077,0.07487352353285692
AT,2001,0.002450699991231186,0.0008168999970770619,0.2248309001345563,0.07494363337818544
AT,2002,0.002826684413369107,0.0009422281377897023,0.23079454849122263,0.07693151616374087
AT,2003,0.005369846273982563,0.0017899487579941878,0.2562111768289232,0.08540372560964106
AT,2004,0.003563752679028981,0.001187917559676327,0.2284900661553406,0.07616335538511353
AT,2005,0.004078254358061732,0.0013594181193539107,0.23367796970976562,0.07789265656992188
AT,2006,0.005323029977206262,0.0017743433257354207,0.24631186458158458,0.0821039548605282
AT,2007,0.0056206480230094735,0.0018735493410031577,0.24900360809344455,0.08300120269781484
AT,2008,0.005242764139862188,0.0017475880466207294,0.23760110610928575,0.07920036870309526
AT,2009,0.00560077516098371,0.0018669250536612369,0.24345653970093337,0.08115217990031112
AT,2010,0.00652636111111111,0.0021754537037037033,0.2581574536129767,0.0860524845376589
AT,2011,0.006141422222222218,0.0020471407407407394,0.25213829698632756,0.08404609899544252
AT,2012,0.007127916666666667,0.0023759722222222225,0.260296922747857,0.08676564091595233
AT,2013,0.009052166666666667,0.003017388888888889,0.27433253458950374,0.09144417819650125
AT,2014,0.005759166666666668,0.0019197222222222226,0.23721478445463198,0.07907159481821066
AT,2015,0.01000027777777778,0.0033334259259259267,0.27384057264054357,0.09128019088018119
AT,2016,0.006100000000000006,0.0020333333333333353,0.23654442968562733,0.07884814322854244
AT,2017,0.007920000000000002,0.0026400000000000004,0.2496135717766435,0.08320452392554784
AT,2018,0.007603783333333323,0.002534594444444441,0.24464696344907613,0.0815489878163587
AT,2019,0.008356111111111116,0.002785370370370372,0.25169115038059714,0.08389705012686571
AT,2020,0.008205000000000002,0.002735000000000001,0.2300389836172239,0.07667966120574131
AT,2021,0.006935555555555554,0.0023118518518518514,0.23714477775962686,0.07904825925320895
BA,2000,0.06603598590434319,0.02201199530144773,0.04365351489583979,0.014551171631946596
BA,2001,0.055295674375823875,0.01843189145860796,0.039043638154273884,0.013014546051424629
BA,2002,0.057965919671613395,0.019321973223871133,0.044317765842957414,0.014772588614319139
BA,2003,0.11423471458184663,0.03807823819394888,0.07593652739885211,0.025312175799617368
BA,2004,0.0550250727265345,0.018341690908844833,0.04497692692363181,0.014992308974543936
BA,2005,0.06581578017249563,0.021938593390831877,0.04453468099994815,0.014844893666649385
BA,2006,0.11714898382207299,0.03904966127402433,0.062472863881462525,0.02082428796048751
BA,2007,0.15067346991243744,0.050224489970812476,0.07171190962007971,0.023903969873359906
BA,2008,0.14894155092021605,0.049647183640072014,0.06959239354751898,0.02319746451583966
BA,2009,0.1488669670922007,0.049622322364066905,0.07188499338367077,0.02396166446122359
BA,2010,0.18168509713492106,0.06056169904497369,0.07275162164883507,0.02425054054961169
BA,2011,0.2627135254552359,0.0875711751517453,0.0904949698662969,0.030164989955432302
BA,2012,0.2651447624063347,0.08838158746877824,0.129422801932501,0.04314093397750033
BA,2013,0.20156015731835877,0.06718671910611959,0.08157748658610808,0.027192495528702693
BA,2014,0.13358664107463553,0.04452888035821184,0.05686177557079309,0.018953925190264363
BA,2015,0.22707832154347474,0.07569277384782491,0.1022542290705691,0.03408474302352303
BA,2016,0.20082692299268087,0.06694230766422696,0.07375539561661582,0.024585131872205273
BA,2017,0.19880715436865282,0.0662690514562176,0.08639535295996248,0.02879845098665416
BA,2018,0.37801298289970686,0.12600432763323563,0.11939645959712561,0.03979881986570854
BA,2019,0.38821033386143144,0.12940344462047715,0.14598428193528848,0.048661427311762824
BA,2020,0.3980215913326015,0.13267386377753385,0.11806323046506557,0.039354410155021856
BA,2021,0.3885077867863052,0.12950259559543506,0.1396589384334077,0.04655297947780257
BE,2000,0.012369157419804674,0.004123052473268224,0.15210853060961294,0.050702843536537645
BE,2001,0.015331918116909295,0.005110639372303098,0.1894426228676195,0.06314754095587317
BE,2002,0.01822768426733206,0.006075894755777353,0.2424391196191724,0.08081303987305746
BE,2003,0.04858493960760227,0.016194979869200755,0.3548738438680463,0.11829128128934878
BE,2004,0.02206636162554198,0.007355453875180659,0.3223889033855584,0.10746296779518615
BE,2005,0.027374366965355883,0.009124788988451961,0.3826543424917553,0.12755144749725175
BE,2006,0.06113462244464335,0.020378207481547783,0.5527455836447883,0.1842485278815961
BE,2007,0.02884726993971478,0.009615756646571593,0.5029574275265779,0.16765247584219264
BE,2008,0.03465091698251956,0.011550305660839854,0.5582853879551413,0.18609512931838043
BE,2009,0.040284716007098965,0.013428238669032989,0.6217382001013737,0.2072460667004579
BE,2010,0.05771524573159932,0.01923841524386644,0.7226378348191652,0.24087927827305508
BE,2011,0.04634777298986848,0.015449257663289494,0.7191222698644303,0.23970742328814343
BE,2012,0.04811000092146209,0.016036666973820696,0.7506095197412034,0.2502031732470678
BE,2013,0.05145483000013319,0.017151610000044396,0.7858338975572761,0.261944632519092
BE,2014,0.04275292598309825,0.014250975327699417,0.7720668706600201,0.25735562355334
BE,2015,0.0653234043961353,0.021774468132045102,0.8712604609469281,0.29042015364897605
BE,2016,0.05999999999999999,0.019999999999999997,0.8520315612874955,0.28401052042916514
BE,2017,0.060000000000000046,0.020000000000000014,0.79697020038258,0.26565673346086
BE,2018,0.060000000000000046,0.020000000000000014,0.8973840905964874,0.2991280301988291
BE,2019,0.059999999999999984,0.019999999999999993,0.8568596778622636,0.28561989262075455
BE,2020,0.09129999999999996,0.030433333333333323,0.9152961228929941,0.30509870763099806
BE,2021,0.09129999999999992,0.03043333333333331,0.7420024673055067,0.24733415576850223
BG,2000,0.021837525254757715,0.007279175084919238,0.1434970488704459,0.047832349623481964
BG,2001,0.024755182840641283,0.008251727613547094,0.1424054789398556,0.04746849297995187
BG,2002,0.01729273961067371,0.005764246536891237,0.11178261835179246,0.03726087278393082
BG,2003,0.023865261901907034,0.007955087300635677,0.13627980624679453,0.045426602082264844
BG,2004,0.01423673137154169,0.00474557712384723,0.12134702735620312,0.04044900911873437
BG,2005,0.015798966342856175,0.005266322114285391,0.13228029654231024,0.04409343218077008
BG,2006,0.02438124992869895,0.008127083309566316,0.16576349060515733,0.05525449686838577
BG,2007,0.05659318626882881,0.018864395422942937,0.3328571662536773,0.11095238875122576
BG,2008,0.04250399931739288,0.014167999772464294,0.223345788738974,0.07444859624632467
BG,2009,0.04059262667548482,0.01353087555849494,0.20292825256192712,0.06764275085397571
BG,2010,0.06300220004224222,0.021000733347414074,0.25997872577583225,0.08665957525861075
BG,2011,0.04955217323483756,0.016517391078279185,0.2217592662953705,0.07391975543179016
BG,2012,0.1528010464191727,0.05093368213972423,0.46715768799770296,0.15571922933256765
BG,2013,0.07021575617838187,0.023405252059460622,0.22670084327792542,0.07556694775930847
BG,2014,0.06646904060628789,0.022156346868762628,0.2083318708565364,0.0694439569521788
BG,2015,0.11731805555555559,0.03910601851851853,0.29861775928348544,0.09953925309449514
BG,2016,0.11829888888888888,0.03943296296296296,0.27424378022612095,0.09141459340870699
BG,2017,0.12275805555555548,0.040919351851851825,0.2840832130695624,0.09469440435652081
BG,2018,0.10963,0.03654333333333334,0.2102139654031661,0.07007132180105537
BG,2019,0.11952111111111113,0.03984037037037038,0.23036646952764905,0.07678882317588302
BG,2020,0.12516805555555552,0.041722685185185175,0.22165155734302497,0.073883852447675
BG,2021,0.13175000000000034,0.04391666666666678,0.3057370792100777,0.10191235973669256
CH,2000,0.0018503505905419413,0.0006167835301806471,0.21552611677688632,0.07184203892562878
CH,2001,0.0023421118319060046,0.0007807039439686682,0.2148688592105793,0.0716229530701931
CH,2002,0.002678710159433092,0.0008929033864776974,0.2187126722959303,0.07290422409864343
CH,2003,0.005106092411993302,0.0017020308039977672,0.24362670347055948,0.08120890115685316
CH,2004,0.0035025578562993937,0.0011675192854331312,0.22456655901183772,0.07485551967061257
CH,2005,0.004035723228821492,0.0013452410762738306,0.23124099862906858,0.0770803328763562
CH,2006,0.004934704377979397,0.0016449014593264656,0.22834292530829295,0.07611430843609765
CH,2007,0.005987485636690865,0.0019958285455636215,0.2652550952915607,0.08841836509718691
CH,2008,0.005309913199311583,0.0017699710664371945,0.2406442891275845,0.08021476304252817
CH,2009,0.006018237149223638,0.0020060790497412125,0.2616029298330653,0.08720097661102177
CH,2010,0.006473247059375901,0.0021577490197919667,0.2560564683757845,0.0853521561252615
CH,2011,0.005207322807992796,0.0017357742693309322,0.2137885097550385,0.07126283658501283
CH,2012,0.006731335309119667,0.0022437784363732224,0.24581458354327615,0.08193819451442538
CH,2013,0.009187665615899569,0.0030625552052998563,0.27843892939486636,0.09281297646495545
CH,2014,0.0050675586726760405,0.001689186224225347,0.20872808651426092,0.06957602883808697
CH,2015,0.009013062040033283,0.0030043540133444274,0.24680735126898848,0.08226911708966282
CH,2016,0.005967881190332772,0.001989293730110924,0.2314211561637454,0.07714038538791514
CH,2017,0.0072337297561225955,0.002411243252040865,0.22798448506221577,0.07599482835407192
CH,2018,0.006838666897993312,0.0022795556326644373,0.22002982164147833,0.07334327388049278
CH,2019,0.007493560233710042,0.0024978534112366805,0.2257105931921944,0.07523686439739813
CH,2020,0.0067560250399579126,0.0022520083466526374,0.18941488525099726,0.06313829508366575
CH,2021,0.00595640599778185,0.001985468665927283,0.20366509434973998,0.06788836478324665
CY,2000,0.28354084928613255,0.09451361642871085,0.1971253437127211,0.06570844790424037
CY,2001,0.24163261990730733,0.08054420663576911,0.20006453822763845,0.06668817940921282
CY,2002,0.23104084584702383,0.07701361528234128,0.21874916787046597,0.07291638929015533
CY,2003,0.2644504000215199,0.08815013334050664,0.25508501952808477,0.08502833984269492
CY,2004,0.23542917148713804,0.07847639049571269,0.23117038191293074,0.07705679397097691
CY,2005,0.24432171868493816,0.08144057289497939,0.2266615662119653,0.07555385540398843
CY,2006,0.30558580914154976,0.10186193638051659,0.27148399601430695,0.09049466533810231
CY,2007,0.3854780020973994,0.1284926673657998,0.31399208226954584,0.10466402742318194
CY,2008,0.43728435024281503,0.14576145008093835,0.3282027013185966,0.1094009004395322
CY,2009,0.43390355197778796,0.14463451732592933,0.3326048503971795,0.11086828346572651
CY,2010,0.468098046552468,0.156032682184156,0.36593655567368744,0.12197885189122915
CY,2011,0.4088060556486307,0.13626868521621024,0.3255078537626898,0.1085026179208966
CY,2012,0.49759188262251425,0.1658639608741714,0.3966834981510899,0.13222783271702995
CY,2013,0.4097488997899431,0.1365829665966477,0.3297291864828405,0.1099097288276135
CY,2014,0.36110346531762383,0.12036782177254128,0.2872737815930988,0.0957579271976996
CY,2015,0.378150070450613,0.12605002348353767,0.304547213788738,0.10151573792957934
CY,2016,0.41721192882287533,0.13907064294095844,0.3437119242154531,0.11457064140515104
CY,2017,0.3917102312196328,0.13057007707321092,0.32451397266244786,0.10817132422081595
CY,2018,0.43785305555555665,0.14595101851851888,0.4144114658501691,0.13813715528338968
CY,2019,0.44292305555555533,0.14764101851851844,0.3566193265670084,0.11887310885566947
CY,2020,0.43339999999999945,0.1444666666666665,0.3748600992020199,0.1249533664006733
CY,2021,0.436178055555555,0.145392685185185,0.3386597842602513,0.1128865947534171
CZ,2000,0.009443440182226717,0.0031478133940755723,0.14550645945579727,0.048502153151932424
CZ,2001,0.008175396679988267,0.0027251322266627557,0.1539825896707842,0.0513275298902614
CZ,2002,0.0077287123234452675,0.0025762374411484224,0.18537069556973335,0.06179023185657778
CZ,2003,0.009559534684057723,0.0031865115613525746,0.21032205415673308,0.0701073513855777
CZ,2004,0.007690219981984294,0.0025634066606614312,0.21733196930803472,0.07244398976934491
CZ,2005,0.008185075721088862,0.0027283585736962873,0.2590487116047454,0.08634957053491514
CZ,2006,0.00958714416534888,0.00319571472178296,0.3143098903263905,0.10476996344213017
CZ,2007,0.009624292384873057,0.003208097461624352,0.35317077258624874,0.11772359086208291
CZ,2008,0.009900433941890798,0.0033001446472969327,0.3807827034511743,0.1269275678170581
CZ,2009,0.011095859210408525,0.0036986197368028416,0.4025789004056717,0.13419296680189055
CZ,2010,0.013999974841697009,0.004666658280565669,0.4346936821842608,0.14489789406142026
CZ,2011,0.01520005432697546,0.005066684775658486,0.45378510960648244,0.1512617032021608
CZ,2012,0.018289572599051826,0.006096524199683942,0.4629653408563396,0.15432178028544655
CZ,2013,0.025567737662705363,0.008522579220901787,0.4829817387276027,0.1609939129092009
CZ,2014,0.023916100181179956,0.007972033393726652,0.46058099519325674,0.15352699839775225
CZ,2015,0.049999999999999975,0.01666666666666666,0.5471428653970274,0.18238095513234245
CZ,2016,0.050671944444444464,0.016890648148148155,0.4633258578706845,0.1544419526235615
CZ,2017,0.05027805555555553,0.01675935185185184,0.46958965900033783,0.15652988633344594
CZ,2018,0.06416694444444436,0.021388981481481453,0.49767297853278775,0.1658909928442626
CZ,2019,0.06888888888888883,0.022962962962962945,0.4968420181812572,0.16561400606041907
CZ,2020,0.06472194444444433,0.021573981481481444,0.4500298776737618,0.15000995922458726
CZ,2021,0.0775238888888889,0.025841296296296303,0.46944781235377653,0.1564826041179255
DE,2000,0.5774151745432305,0.19247172484774352,4.237845003806186,1.4126150012687286
DE,2001,0.5760395046913191,0.1920131682304397,4.35743972786374,1.4524799092879135
DE,2002,0.5758857788764056,0.19196192629213518,4.4819162233928935,1.493972074464298
DE,2003,1.0844757887555232,0.3614919295851744,5.465735624215897,1.8219118747386325
DE,2004,0.5944956305616106,0.19816521018720354,4.549642015066542,1.5165473383555141
DE,2005,0.646845864838214,0.21561528827940468,4.678174049207095,1.5593913497356982
DE,2006,1.0272292532591365,0.34240975108637883,5.3366600554166475,1.7788866851388825
DE,2007,0.8145001338859273,0.27150004462864247,5.0874977614862935,1.6958325871620978
DE,2008,0.9112233028697015,0.3037411009565672,5.153018293033047,1.717672764344349
DE,2009,0.9480378536657001,0.3160126178885667,5.41181583814513,1.8039386127150434
DE,2010,1.1195231913374095,0.37317439711246986,6.128437559060173,2.0428125196867244
DE,2011,1.1971350000000003,0.3990450000000001,5.738650860625008,1.9128836202083361
DE,2012,1.2006411111111097,0.40021370370370324,5.925468798987261,1.975156266329087
DE,2013,1.1918769444444437,0.3972923148148146,6.22882119652016,2.076273732173387
DE,2014,1.1602569444444444,0.3867523148148148,5.835056753073531,1.9450189176911772
DE,2015,1.152533888888888,0.3841779629629627,6.523396036406619,2.174465345468873
DE,2016,1.2359249999999997,0.4119749999999999,5.874234828516236,1.9580782761720785
DE,2017,1.309240000000001,0.4364133333333337,5.664803533119994,1.8882678443733314
DE,2018,1.2343630555555574,0.4114543518518525,6.840209665445243,2.2800698884817474
DE,2019,1.26230388888889,0.4207679629629633,6.5226107115558545,2.174203570518618
DE,2020,1.2711530555555586,0.4237176851851862,5.552822593019622,1.850940864339874
DE,2021,1.3950211111111153,0.46500703703703844,5.311532886272102,1.7705109620907005
DK,2000,0.003054626540339174,0.0010182088467797247,0.26438803313821524,0.08812934437940508
DK,2001,0.003560197055318131,0.0011867323517727104,0.2619655181434214,0.08732183938114046
DK,2002,0.003751759019501902,0.0012505863398339673,0.2636728877444942,0.08789096258149807
DK,2003,0.0042104873393512205,0.0014034957797837402,0.25885152100166076,0.08628384033388692
DK,2004,0.00493780376601608,0.0016459345886720266,0.2557284731188227,0.0852428243729409
DK,2005,0.0056277596710560575,0.001875919890352019,0.25317394051572567,0.08439131350524189
DK,2006,0.006616320849089643,0.002205440283029881,0.25187109104497624,0.08395703034832541
DK,2007,0.007759881640836114,0.002586627213612038,0.25338658107400397,0.08446219369133466
DK,2008,0.008711427618531487,0.0029038092061771624,0.24748984748140357,0.08249661582713452
DK,2009,0.009298304982341125,0.0030994349941137083,0.2544664808426979,0.0848221602808993
DK,2010,0.010049100207727802,0.0033497000692426005,0.26046547293051414,0.08682182431017138
DK,2011,0.010738729512568912,0.003579576504189637,0.2581565743325157,0.08605219144417191
DK,2012,0.011557816538040552,0.0038526055126801837,0.2564832064141671,0.0854944021380557
DK,2013,0.0121272255154712,0.004042408505157067,0.25649378169554593,0.08549792723184864
DK,2014,0.012817613075455479,0.004272537691818493,0.25750693587436035,0.08583564529145345
DK,2015,0.013279729478210375,0.004426576492736791,0.2538437564400259,0.08461458548000862
DK,2016,0.014428986566642424,0.004809662188880808,0.2515684474288353,0.08385614914294509
DK,2017,0.014980221973140535,0.004993407324380178,0.2498391518182554,0.0832797172727518
DK,2018,0.01856969291089879,0.006189897636966263,0.25963767964293055,0.08654589321431018
DK,2019,0.01643048050546333,0.005476826835154444,0.2531879939680821,0.0843959979893607
DK,2020,0.017800605299919173,0.005933535099973058,0.23913023395351468,0.0797100779845049
DK,2021,0.018444089365721054,0.006148029788573685,0.24064779114217028,0.08021593038072343
EE,2000,1.280489369307903e-05,4.26829789769301e-06,0.004116111771669841,0.0013720372572232804
EE,2001,1.6601483041433054e-05,5.533827680477685e-06,0.004347729295228049,0.0014492430984093497
EE,2002,2.1379170028776902e-05,7.126390009592301e-06,0.004575776217527493,0.0015252587391758308
EE,2003,2.4759828698592774e-05,8.253276232864259e-06,0.0049714502419586975,0.001657150080652899
EE,2004,3.549944193621191e-05,1.1833147312070637e-05,0.004827026574362009,0.0016090088581206697
EE,2005,5.2696230795791277e-05,1.756541026526376e-05,0.005170506482608147,0.0017235021608693823
EE,2006,6.557578154270846e-05,2.1858593847569487e-05,0.005756973214559576,0.0019189910715198587
EE,2007,8.071867752323135e-05,2.6906225841077115e-05,0.005915500679208992,0.0019718335597363307
EE,2008,9.724524984818634e-05,3.241508328272878e-05,0.005965531485306171,0.0019885104951020568
EE,2009,0.00010685466886947474,3.5618222956491584e-05,0.00606340307628985,0.0020211343587632834
EE,2010,0.0002280933303234365,7.603111010781217e-05,0.007201796589567033,0.002400598863189011
EE,2011,0.00015851233426468112,5.283744475489371e-05,0.006766688253620866,0.0022555627512069556
EE,2012,0.00013950974295698398,4.650324765232799e-05,0.006563428043783942,0.002187809347927981
EE,2013,0.0001476956210733688,4.923187369112293e-05,0.006544167588820564,0.0021813891962735215
EE,2014,0.00018557295228753085,6.185765076251029e-05,0.00669442175238921,0.00223147391746307
EE,2015,0.00017713598239946584,5.904532746648861e-05,0.006623090214586363,0.0022076967381954543
EE,2016,0.0002068361788600202,6.894539295334007e-05,0.006649892073657031,0.0022166306912190102
EE,2017,0.00022883518898175902,7.6278396327253e-05,0.006706210121759986,0.0022354033739199956
EE,2018,0.0003362181304835547,0.0001120727101611849,0.007369265878370715,0.0024564219594569053
EE,2019,0.00025005557200048875,8.335185733349625e-05,0.007001214278419264,0.002333738092806421
EE,2020,0.0002901521251246179,9.67173750415393e-05,0.006748774780820792,0.0022495915936069305
EE,2021,0.0004800472958101644,0.0001600157652700548,0.007594884316304019,0.002531628105434673
ES,2000,0.46058112780127347,0.1535270426004245,2.869272213501352,0.9564240711671174
ES,2001,0.5816830603127869,0.19389435343759565,3.3175990563173263,1.1058663521057754
ES,2002,0.47097323253973195,0.15699107751324398,3.274744223661622,1.0915814078872075
ES,2003,1.004221803904571,0.33474060130152367,4.804914954761098,1.6016383182536993
ES,2004,0.8837254058391623,0.29457513527972073,4.526173791114334,1.5087245970381113
ES,2005,1.2048156754497108,0.4016052251499036,5.243502663388753,1.7478342211295843
ES,2006,1.4020668466905388,0.46735561556351296,6.5529232157738955,2.1843077385912983
ES,2007,0.936371046916832,0.31212368230561066,5.620469769746428,1.8734899232488094
ES,2008,1.1278693794035226,0.3759564598011742,6.424810797428386,2.1416035991427953
ES,2009,1.7578596105843525,0.5859532035281175,8.986065810476726,2.9953552701589086
ES,2010,1.766565833333333,0.5888552777777777,9.006793468033566,3.002264489344522
ES,2011,1.7765566666666675,0.5921855555555559,8.36408782505438,2.788029275018127
ES,2012,1.7527702777777776,0.5842567592592592,10.183943517178731,3.394647839059577
ES,2013,1.658745,0.5529149999999999,8.22576902161234,2.741923007204113
ES,2014,1.3204602222222217,0.4401534074074072,7.544903249626257,2.514967749875419
ES,2015,2.0445156249999963,0.6815052083333321,10.91097811981681,3.6369927066056036
ES,2016,1.950941999999999,0.6503139999999997,10.467546886205453,3.4891822954018177
ES,2017,2.1664738333333298,0.7221579444444433,11.923536722440538,3.9745122408135125
ES,2018,1.7508561111111072,0.5836187037037024,8.396214978398241,2.798738326132747
ES,2019,1.7035866666666624,0.5678622222222208,8.682286816505835,2.894095605501945
ES,2020,1.7092591666666606,0.5697530555555536,9.587315717604088,3.1957719058680296
ES,2021,1.7075083333333285,0.5691694444444428,8.243606316936454,2.747868772312151
FI,2000,0.05901830329098553,0.019672767763661843,0.13342576651836027,0.04447525550612009
FI,2001,0.06172179492785505,0.02057393164261835,0.1353886432132499,0.045129547737749964
FI,2002,0.06443711972330786,0.021479039907769285,0.1398237672048532,0.046607922401617735
FI,2003,0.07948057728668316,0.02649352576222772,0.15002476870501338,0.05000825623500446
FI,2004,0.06798589421498434,0.022661964738328114,0.1487237829716216,0.049574594323873865
FI,2005,0.07013920901111974,0.02337973633703991,0.15643664864906875,0.052145549549689585
FI,2006,0.07150490723857672,0.023834969079525575,0.16304236182887197,0.05434745394295732
FI,2007,0.07216815863229903,0.02405605287743301,0.17216487296290034,0.05738829098763345
FI,2008,0.07797686114040026,0.025992287046800084,0.1818050249702097,0.0606016749900699
FI,2009,0.07901561377731342,0.02633853792577114,0.1896645105304397,0.06322150351014656
FI,2010,0.10558623477264097,0.03519541159088032,0.2075943700449113,0.06919812334830376
FI,2011,0.08449129789932776,0.028163765966442586,0.19623438726783696,0.06541146242261232
FI,2012,0.08258864161608485,0.027529547205361618,0.1915190691565706,0.06383968971885687
FI,2013,0.08350878354663312,0.02783626118221104,0.1902381268685128,0.06341270895617093
FI,2014,0.08868631199644376,0.02956210399881459,0.19146841165902623,0.06382280388634208
FI,2015,0.08699999999999998,0.028999999999999995,0.18811217180783882,0.0627040572692796
FI,2016,0.08999999999999998,0.029999999999999995,0.1887055852523784,0.0629018617507928
FI,2017,0.08800000000000004,0.029333333333333347,0.18388510391284357,0.06129503463761452
FI,2018,0.0920000000000001,0.0306666666666667,0.17971951999458258,0.05990650666486086
FI,2019,0.10399999999999998,0.03466666666666666,0.17920724928159604,0.05973574976053201
FI,2020,0.11699999999999988,0.03899999999999996,0.17740216487767302,0.05913405495922434
FI,2021,0.14299999999999988,0.04766666666666663,0.1724571140186422,0.05748570467288073
FR,2000,0.8644205736553373,0.28814019121844575,3.4142872830881346,1.1380957610293783
FR,2001,1.0614825220845134,0.3538275073615045,3.762237662941945,1.2540792209806484
FR,2002,0.8326830927966613,0.27756103093222045,3.7380214821126745,1.246007160704225
FR,2003,2.8214028339265655,0.9404676113088551,6.719965117290177,2.239988372430059
FR,2004,0.8613297686677714,0.28710992288925713,4.027338168472393,1.3424460561574643
FR,2005,1.1878801493136302,0.3959600497712101,4.453096653979703,1.4843655513265677
FR,2006,1.6255457654403882,0.5418485884801294,5.384172793779405,1.7947242645931352
FR,2007,0.7781816647602802,0.25939388825342674,4.356816293331306,1.452272097777102
FR,2008,0.8579096318586711,0.2859698772862237,4.4690265496720345,1.4896755165573448
FR,2009,1.0968118070297512,0.3656039356765837,4.951896529911739,1.6506321766372463
FR,2010,1.1201482180071902,0.3733827393357301,4.960752052803153,1.653584017601051
FR,2011,1.1004413888888893,0.36681379629629646,4.919005967790614,1.6396686559302047
FR,2012,1.0999755555555557,0.36665851851851855,5.125795666874177,1.7085985556247258
FR,2013,1.1542358333333336,0.38474527777777784,5.040673810178253,1.680224603392751
FR,2014,1.206708888888888,0.402236296296296,4.697632943538426,1.5658776478461418
FR,2015,1.276306944444445,0.4254356481481483,5.878135161763902,1.959378387254634
FR,2016,1.5685930555555545,0.5228643518518515,5.100813853106419,1.7002712843688064
FR,2017,1.5630291666666658,0.521009722222222,5.546289055586838,1.848763018528946
FR,2018,1.7356702777777737,0.5785567592592579,5.500088356040252,1.8333627853467507
FR,2019,1.9870769444444405,0.6623589814814802,5.600123514205532,1.8667078380685107
FR,2020,2.5067333333333264,0.8355777777777754,5.633264455144979,1.8777548183816597
FR,2021,2.7986444444444403,0.9328814814814801,4.691126486447434,1.5637088288158114
GB,2000,0.012033987718284863,0.004011329239428288,0.5623411690910655,0.1874470563636885
GB,2001,0.012070344246072968,0.004023448082024323,0.6492788666069729,0.21642628886899096
GB,2002,0.012313862067112095,0.004104620689037365,0.6250495299306668,0.20834984331022224
GB,2003,0.013227094551091704,0.0044090315170305676,0.6817597490067373,0.22725324966891244
GB,2004,0.01364992194006247,0.004549973980020823,0.7029755585666003,0.23432518618886677
GB,2005,0.014832682039588579,0.004944227346529526,0.768917511874527,0.25630583729150896
GB,2006,0.01766096385141037,0.005886987950470123,0.8118783604925044,0.27062612016416815
GB,2007,0.022544864586301654,0.0075149548621005514,0.9479640817856555,0.3159880272618852
GB,2008,0.024325935937614656,0.008108645312538219,0.9205972462805925,0.3068657487601975
GB,2009,0.026571021113106046,0.008857007037702015,0.959987822945849,0.31999594098194967
GB,2010,0.031543617344873154,0.010514539114957719,1.046006645482192,0.3486688818273973
GB,2011,0.02943895924680054,0.00981298641560018,0.9800241617143115,0.32667472057143715
GB,2012,0.03836645693029356,0.012788818976764519,1.1486906879623735,0.38289689598745785
GB,2013,0.03358387360593308,0.011194624535311027,1.07045071204547,0.3568169040151567
GB,2014,0.035679748123099674,0.011893249374366558,1.0737319579779694,0.35791065265932315
GB,2015,0.03563327940868427,0.011877759802894758,1.0892323325671398,0.3630774441890466
GB,2016,0.03602947111924986,0.01200982370641662,1.1391745642986675,0.3797248547662225
GB,2017,0.03642765262130005,0.012142550873766684,1.2018841924957233,0.4006280641652411
GB,2018,0.033229567086560025,0.011076522362186675,1.1498729095175928,0.3832909698391976
GB,2019,0.034227858465776126,0.011409286155258708,1.2186028595236922,0.40620095317456406
GB,2020,0.0,0.0,0.0,0.0
GB,2021,0.0,0.0,0.0,0.0
GR,2000,0.9931971247741312,0.33106570825804377,0.44520753512542766,0.14840251170847588
GR,2001,1.2758095134534675,0.4252698378178225,0.5613602317002915,0.1871200772334305
GR,2002,1.0500630150945183,0.35002100503150607,0.4650625906494268,0.15502086354980893
GR,2003,1.497531007986882,0.499177002662294,0.6447929034913668,0.2149309678304556
GR,2004,0.9099740419051198,0.3033246806350399,0.40912530974120537,0.13637510324706845
GR,2005,0.978649019644015,0.3262163398813383,0.4208871945667791,0.1402957315222597
GR,2006,1.159891452921055,0.38663048430701835,0.5188282076687831,0.17294273588959438
GR,2007,1.7009862805549403,0.5669954268516467,0.794796113018772,0.264932037672924
GR,2008,1.6807280002709077,0.5602426667569692,0.7777653311678552,0.25925511038928506
GR,2009,1.1481967022637918,0.3827322340879306,0.5507629166050365,0.1835876388683455
GR,2010,1.5599802980394426,0.5199934326798142,0.7078317132639277,0.23594390442130922
GR,2011,1.468486493164962,0.48949549772165396,0.620585223921272,0.20686174130709067
GR,2012,2.4483336888525375,0.8161112296175125,1.0455552758620759,0.3485184252873586
GR,2013,1.5008434109185296,0.5002811369728432,0.6833506953181969,0.22778356510606565
GR,2014,1.217143233042377,0.4057144110141257,0.586668704356004,0.19555623478533468
GR,2015,1.6135000000000033,0.5378333333333344,0.7714084129383882,0.2571361376461294
GR,2016,2.0133000000000014,0.6711000000000005,0.8497628343331132,0.2832542781110377
GR,2017,2.1987819444444447,0.7329273148148149,0.8762008467671192,0.29206694892237306
GR,2018,1.6267319444444404,0.5422439814814801,0.7746218183967213,0.2582072727989071
GR,2019,2.3543830555555494,0.7847943518518498,1.0076909781192602,0.3358969927064201
GR,2020,2.0983438888888877,0.6994479629629625,0.8668512851066777,0.28895042836889256
GR,2021,1.9845861111111092,0.6615287037037031,1.1542100572201262,0.38473668574004205
HR,2000,0.11771292164046414,0.03923764054682138,0.07781488695736817,0.025938295652456058
HR,2001,0.11026527436502578,0.0367550914550086,0.07785703894357568,0.025952346314525226
HR,2002,0.10591872139891184,0.03530624046630395,0.08098001584267395,0.02699333861422465
HR,2003,0.25244980319716825,0.08414993439905609,0.16781379869935767,0.05593793289978589
HR,2004,0.11436059981129268,0.03812019993709756,0.09347717478208516,0.031159058260695052
HR,2005,0.15081061627966555,0.050270205426555185,0.10204699647740757,0.03401566549246919
HR,2006,0.23806078560006835,0.07935359520002279,0.12695235220217835,0.04231745073405945
HR,2007,0.31013408981132046,0.10337802993710682,0.14760599746975933,0.04920199915658644
HR,2008,0.3286942466485414,0.10956474888284713,0.1535811815322366,0.0511937271774122
HR,2009,0.3233335595665762,0.10777785318885874,0.15613155318578237,0.05204385106192746
HR,2010,0.4103961111111109,0.13679870370370364,0.16433369094404449,0.05477789698134816
HR,2011,0.5259713888888892,0.17532379629629638,0.18117744377856404,0.06039248125952135
HR,2012,0.5414336111111114,0.18047787037037047,0.2642852695805617,0.08809508986018723
HR,2013,0.4340202777777774,0.1446734259259258,0.1756611220172461,0.05855370733908203
HR,2014,0.3367469444444444,0.11224898148148148,0.14333790433769666,0.04777930144589889
HR,2015,0.5165663888888896,0.17218879629629655,0.23261180327814104,0.07753726775938034
HR,2016,0.42653222222222303,0.14217740740740767,0.1566475865110022,0.05221586217033406
HR,2017,0.5070077777777784,0.1690025925925928,0.22032967603033154,0.07344322534344384
HR,2018,0.5164997222222233,0.17216657407407443,0.16313788416254976,0.05437929472084992
HR,2019,0.5168494444444439,0.17228314814814796,0.19435828579155462,0.06478609526385154
HR,2020,0.5061058333333344,0.16870194444444478,0.15012373936924478,0.050041246456414924
HR,2021,0.5492052777777784,0.18306842592592612,0.1974257111059094,0.06580857036863647
HU,2000,0.003873223182016875,0.001291074394005625,0.1744763810845263,0.058158793694842094
HU,2001,0.005006486771512698,0.001668828923837566,0.1601682935636589,0.0533894311878863
HU,2002,0.00893560993736788,0.0029785366457892935,0.17344192125727056,0.057813973752423524
HU,2003,0.01736097457145346,0.00578699152381782,0.2016709101123684,0.0672236367041228
HU,2004,0.010903199977050233,0.0036343999923500775,0.16504175286441886,0.05501391762147295
HU,2005,0.013567176042243943,0.004522392014081314,0.16648602569851426,0.05549534189950475
HU,2006,0.024558959885026613,0.008186319961675537,0.1892449814471543,0.06308166048238477
HU,2007,0.03875947148742545,0.012919823829141816,0.21079259834700767,0.07026419944900256
HU,2008,0.027863228098013074,0.009287742699337692,0.17973245886475037,0.059910819621583455
HU,2009,0.03265825490714076,0.010886084969046922,0.18730388416862537,0.062434628056208454
HU,2010,0.043348041143218365,0.014449347047739454,0.20141557738275037,0.06713852579425013
HU,2011,0.0460611115092798,0.0153537038364266,0.19873971252119993,0.06624657084039998
HU,2012,0.09407859896396778,0.03135953298798926,0.2549509923570308,0.08498366411901026
HU,2013,0.0637178501707899,0.021239283390263302,0.2081742966637023,0.0693914322212341
HU,2014,0.04643300379473033,0.015477667931576776,0.18730740707249854,0.062435802357499515
HU,2015,0.07526805555555548,0.025089351851851825,0.2688375577139761,0.08961251923799203
HU,2016,0.07602111111111107,0.025340370370370357,0.1874744233829689,0.062491474460989634
HU,2017,0.08698888888888885,0.028996296296296284,0.2228829512311946,0.07429431707706487
HU,2018,0.11640805555555549,0.03880268518518516,0.2150724216004355,0.07169080720014516
HU,2019,0.15816694444444426,0.05272231481481476,0.23337982331403562,0.07779327443801187
HU,2020,0.08786611111111108,0.029288703703703692,0.19100699707676047,0.06366899902558683
HU,2021,0.23464388888888868,0.07821462962962956,0.24039989592219294,0.08013329864073097
IE,2000,0.0011996295987096591,0.0003998765329032197,0.05605798566585063,0.01868599522195021
IE,2001,0.0011089602499305563,0.00036965341664351874,0.05965235452347216,0.01988411817449072
IE,2002,0.0012787476211695717,0.0004262492070565239,0.06490901028091914,0.02163633676030638
IE,2003,0.0013126352684848476,0.00043754508949494917,0.06765672443959055,0.022552241479863514
IE,2004,0.0013829725040036388,0.0004609908346678796,0.07122354785274022,0.023741182617580073
IE,2005,0.0014603399059711474,0.00048677996865704917,0.07570316170692763,0.025234387235642544
IE,2006,0.0017989285533971282,0.0005996428511323761,0.0826971379853982,0.0275657126617994
IE,2007,0.002092071244253151,0.0006973570814177171,0.08796719042143271,0.029322396807144237
IE,2008,0.0023411393862396933,0.0007803797954132311,0.08859870706140799,0.029532902353802664
IE,2009,0.0024924032755644075,0.0008308010918548025,0.09004835697608927,0.03001611899202976
IE,2010,0.0027712347121670567,0.0009237449040556856,0.09189592599432185,0.030631975331440617
IE,2011,0.002734297355235538,0.0009114324517451793,0.09102487119117833,0.030341623730392776
IE,2012,0.00306326271699055,0.0010210875723301834,0.09171400330717068,0.03057133443572356
IE,2013,0.002842592761509836,0.0009475309205032788,0.09060465988282954,0.030201553294276512
IE,2014,0.0030902100491332195,0.0010300700163777398,0.0929955355954669,0.030998511865155634
IE,2015,0.002961460668133505,0.0009871535560445016,0.09052545162516674,0.030175150541722248
IE,2016,0.002920433877111239,0.0009734779590370797,0.09233785249053443,0.030779284163511476
IE,2017,0.0028159007442970967,0.0009386335814323656,0.09290707329927422,0.030969024433091408
IE,2018,0.0027432151558920473,0.0009144050519640157,0.09492596712203777,0.031641989040679254
IE,2019,0.002773348522678123,0.0009244495075593743,0.09873858873088963,0.03291286291029654
IE,2020,0.0028262736932403677,0.0009420912310801225,0.094519657550465,0.03150655251682167
IE,2021,0.0026764726078100866,0.0008921575359366955,0.0950071142172027,0.0316690380724009
IT,2000,0.7832591832667016,0.26108639442223386,1.7334643238531722,0.5778214412843907
IT,2001,0.9757512130867063,0.32525040436223546,1.9670472920354338,0.655682430678478
IT,2002,0.8382145455592733,0.2794048485197578,1.8045236970082732,0.6015078990027577
IT,2003,2.7175208846944607,0.9058402948981535,4.249190118926814,1.416396706308938
IT,2004,1.1416287318687757,0.3805429106229252,1.974711825998649,0.658237275332883
IT,2005,1.2044098265175534,0.4014699421725178,1.9997761763597501,0.6665920587865833
IT,2006,1.6357366838880907,0.5452455612960302,2.472932012593173,0.8243106708643909
IT,2007,1.603747957102592,0.5345826523675307,2.3965422698559875,0.7988474232853292
IT,2008,2.125263352636489,0.7084211175454963,2.8422489583937245,0.9474163194645748
IT,2009,2.3174051638214905,0.7724683879404969,3.068916715535802,1.022972238511934
IT,2010,1.8592302547027055,0.6197434182342352,2.5994208018931837,0.8664736006310613
IT,2011,2.1116941975590735,0.7038980658530245,2.899388681783141,0.9664628939277137
IT,2012,3.4458137738966035,1.1486045912988678,4.6292377724884055,1.5430792574961352
IT,2013,2.089265252634755,0.6964217508782516,2.746888197060973,0.9156293990203244
IT,2014,1.536906329908721,0.5123021099695736,2.3710462966626724,0.7903487655542242
IT,2015,3.1518269444444433,1.0506089814814812,4.1635696497920085,1.3878565499306694
IT,2016,2.1883000000000026,0.7294333333333342,2.613427881668627,0.8711426272228757
IT,2017,3.2319930555555523,1.0773310185185174,3.9013926935964514,1.300464231198817
IT,2018,2.4889919444444466,0.8296639814814822,2.9164276355034535,0.9721425451678178
IT,2019,3.0662361111111074,1.0220787037037025,3.821339164982289,1.2737797216607631
IT,2020,2.3970019444444377,0.7990006481481459,2.727508821794763,0.909169607264921
IT,2021,2.9085252777777693,0.9695084259259231,3.3394025335643525,1.113134177854784
LT,2000,1.3273423547133396e-05,4.424474515711132e-06,0.013553053146071968,0.004517684382023989
LT,2001,1.6091843631025988e-05,5.363947877008663e-06,0.014960852582133609,0.004986950860711203
LT,2002,2.194649884765835e-05,7.315499615886117e-06,0.01708428404382816,0.00569476134794272
LT,2003,3.714498122947344e-05,1.238166040982448e-05,0.016234794954657066,0.0054115983182190215
LT,2004,6.630590503835644e-05,2.2101968346118813e-05,0.017127881530163445,0.005709293843387815
LT,2005,0.00011990314619039369,3.99677153967979e-05,0.018184288311566175,0.0060614294371887254
LT,2006,0.000296326320625598,9.877544020853266e-05,0.021276136117844974,0.007092045372614992
LT,2007,0.0003036579030728327,0.00010121930102427756,0.02093290938362236,0.006977636461207453
LT,2008,0.0003836858058441535,0.00012789526861471784,0.021554543936866,0.007184847978955334
LT,2009,0.00048573973936595047,0.00016191324645531681,0.02250583679554474,0.007501945598514913
LT,2010,0.0015211503896110901,0.0005070501298703634,0.029118142260251664,0.009706047420083888
LT,2011,0.0006544045682341817,0.00021813485607806058,0.023408751214462255,0.007802917071487419
LT,2012,0.0011056787955129037,0.00036855959850430126,0.025604826718353537,0.00853494223945118
LT,2013,0.0008217169629572826,0.0002739056543190942,0.0238726707065449,0.007957556902181634
LT,2014,0.0013522785267492809,0.00045075950891642697,0.026559520748223604,0.008853173582741201
LT,2015,0.0011476772300329848,0.0003825590766776616,0.02572842074257691,0.008576140247525637
LT,2016,0.0009936891157861628,0.00033122970526205427,0.024516877394055035,0.008172292464685012
LT,2017,0.0009840789138628049,0.00032802630462093496,0.024245614785589745,0.008081871595196582
LT,2018,0.0013346566443478867,0.00044488554811596224,0.025971349051787877,0.00865711635059596
LT,2019,0.0011654316093888599,0.00038847720312962,0.025601121496116017,0.008533707165372006
LT,2020,0.00101731614092194,0.00033910538030731334,0.02505955555232418,0.00835318518410806
LT,2021,0.002048597453444033,0.0006828658178146776,0.02988400260016765,0.009961334200055884
LU,2000,0.007182486742995398,0.002394162247665133,0.013499181603672748,0.004499727201224249
LU,2001,0.007443104903885464,0.0024810349679618214,0.016219301118782736,0.005406433706260912
LU,2002,0.008184423197846366,0.0027281410659487884,0.019610690697676843,0.0065368968992256145
LU,2003,0.01792945171476354,0.00597648390492118,0.02729453394822758,0.009098177982742527
LU,2004,0.0071685493715297486,0.002389516457176583,0.023312860019798123,0.0077709533399327076
LU,2005,0.008552977677886694,0.002850992559295565,0.028120873365153436,0.009373624455051145
LU,2006,0.015203367433845686,0.005067789144615228,0.0362959870712282,0.012098662357076066
LU,2007,0.008663559640468632,0.0028878532134895443,0.034150020514712616,0.011383340171570873
LU,2008,0.008838404577654032,0.0029461348592180105,0.03684918483211641,0.01228306161070547
LU,2009,0.009491712925737701,0.0031639043085792337,0.04030869013387294,0.013436230044624313
LU,2010,0.012511111111111107,0.0041703703703703686,0.04531944033268671,0.015106480110895569
LU,2011,0.013645000000000004,0.004548333333333335,0.04451271706428129,0.01483757235476043
LU,2012,0.01539694444444445,0.005132314814814816,0.04715715007094029,0.015719050023646763
LU,2013,0.016983888888888885,0.005661296296296295,0.048640047447127945,0.016213349149042648
LU,2014,0.01812388888888888,0.006041296296296294,0.04771098192109127,0.01590366064036376
LU,2015,0.020206944444444434,0.006735648148148144,0.0543873616311352,0.018129120543711734
LU,2016,0.02060694444444444,0.00686898148148148,0.049678089312428064,0.016559363104142688
LU,2017,0.0184988888888889,0.006166296296296301,0.05009786746888498,0.016699289156294993
LU,2018,0.022183888888888895,0.007394629629629632,0.057240442806420835,0.019080147602140277
LU,2019,0.02439194444444445,0.008130648148148149,0.057984778143715915,0.01932825938123864
LU,2020,0.026683888888888865,0.008894629629629622,0.05728613090013795,0.019095376966712648
LU,2021,0.027371111111111093,0.009123703703703698,0.05007724331946773,0.016692414439822577
LV,2000,5.794785868578606e-06,1.931595289526202e-06,0.006375126410696618,0.0021250421368988726
LV,2001,7.307386307346037e-06,2.4357954357820123e-06,0.006858728511719122,0.002286242837239707
LV,2002,9.44786178108254e-06,3.1492872603608466e-06,0.007499255401153297,0.0024997518003844325
LV,2003,1.187089867923197e-05,3.9569662264106565e-06,0.00769101194637278,0.0025636706487909265
LV,2004,1.6479403265612736e-05,5.493134421870912e-06,0.007790515299909338,0.0025968384333031128
LV,2005,2.5047037743754356e-05,8.349012581251453e-06,0.008319268239846581,0.002773089413282194
LV,2006,8.452996634953315e-05,2.8176655449844383e-05,0.00938050749020134,0.0031268358300671133
LV,2007,9.791412521401778e-05,3.263804173800593e-05,0.009511046367099946,0.0031703487890333156
LV,2008,0.00013654391756238814,4.5514639187462716e-05,0.009925496782793397,0.003308498927597799
LV,2009,0.00016961836387977182,5.653945462659061e-05,0.010577826029092715,0.0035259420096975715
LV,2010,0.0004670133879940653,0.0001556711293313551,0.0132059279160828,0.0044019759720276
LV,2011,0.00026100437016876306,8.700145672292101e-05,0.011289273921511528,0.003763091307170509
LV,2012,0.00030309591982308876,0.00010103197327436292,0.011353565783024771,0.0037845219276749237
LV,2013,0.00029362451066623947,9.787483688874649e-05,0.011190829161865083,0.003730276387288361
LV,2014,0.0004300704519809205,0.00014335681732697352,0.01184750073311988,0.00394916691103996
LV,2015,0.0003325640130231985,0.00011085467100773284,0.011246301808570568,0.003748767269523523
LV,2016,0.0003625329763800982,0.00012084432546003273,0.011255334900577322,0.0037517783001924407
LV,2017,0.0003948872825259878,0.00013162909417532926,0.011292413873119786,0.0037641379577065953
LV,2018,0.0005689564914722746,0.00018965216382409153,0.012079822985450156,0.004026607661816718
LV,2019,0.0004425812288045084,0.00014752707626816946,0.01153957925794061,0.0038465264193135364
LV,2020,0.00048529551801832795,0.00016176517267277597,0.011653969828372971,0.003884656609457657
LV,2021,0.0009056560035451745,0.0003018853345150582,0.013624227334691033,0.004541409111563677
ME,2000,0.00930912965696528,0.0031030432189884266,0.006153860271523718,0.002051286757174573
ME,2001,0.008022062915458596,0.002674020971819532,0.005664286135534054,0.0018880953785113512
ME,2002,0.007702263991431656,0.002567421330477219,0.005888755564764592,0.0019629185215881972
ME,2003,0.01756807939212203,0.005856026464040677,0.011678227122012547,0.0038927423740041825
ME,2004,0.008230752546510437,0.0027435841821701456,0.0067277322403679314,0.0022425774134559773
ME,2005,0.010988833153287372,0.003662944384429124,0.007435666306175929,0.0024785554353919763
ME,2006,0.01838009188110545,0.006126697293701817,0.009801681079547894,0.0032672270265159645
ME,2007,0.021427094602304797,0.007142364867434932,0.01019806520971707,0.00339935506990569
ME,2008,0.022224099470776523,0.007408033156925508,0.010384128989216547,0.003461376329738849
ME,2009,0.022660358132433507,0.007553452710811169,0.01094225083132586,0.0036474169437752863
ME,2010,0.027990211235412583,0.009330070411804194,0.011208036816346629,0.0037360122721155427
ME,2011,0.038407410466568336,0.012802470155522779,0.01322991439741013,0.004409971465803376
ME,2012,0.042666360589619444,0.014222120196539815,0.020826358724403204,0.006942119574801068
ME,2013,0.026498860614066765,0.008832953538022255,0.010724889656028679,0.0035749632186762264
ME,2014,0.02615472857307406,0.008718242857691353,0.01113288195790654,0.003710960652635513
ME,2015,0.036468021195256474,0.01215600706508549,0.016421688198607703,0.0054738960662025675
ME,2016,0.03037887149011955,0.010126290496706518,0.01115689894437987,0.0037189663147932897
ME,2017,0.03643531471493078,0.012145104904976925,0.015833644845429665,0.005277881615143222
ME,2018,0.036646990197155116,0.012215663399051705,0.011575054514970953,0.0038583515049903177
ME,2019,0.038719404930380806,0.012906468310126935,0.014560211392365713,0.004853403797455237
ME,2020,0.036396444071030556,0.012132148023676853,0.010796102166417777,0.0035987007221392592
ME,2021,0.03876091201476531,0.01292030400492177,0.01393358900080522,0.004644529666935074
MK,2000,0.005184010948653237,0.001728003649551079,0.03406476987504569,0.011354923291681897
MK,2001,0.005710675281312733,0.0019035584271042442,0.03285095705979717,0.010950319019932389
MK,2002,0.004184174065068389,0.0013947246883561297,0.0270470696467502,0.009015689882250067
MK,2003,0.004892401829150561,0.0016308006097168536,0.02793749241464741,0.009312497471549138
MK,2004,0.0033701959548865018,0.0011233986516288339,0.028725923813584672,0.009575307937861557
MK,2005,0.0034324932858950065,0.0011441644286316688,0.028739299767100834,0.009579766589033612
MK,2006,0.005363776377764933,0.0017879254592549777,0.036467297525925,0.012155765841975
MK,2007,0.014351194595254803,0.004783731531751601,0.08440765187951062,0.028135883959836874
MK,2008,0.00926939744046121,0.0030897991468204033,0.0487079078609825,0.016235969286994167
MK,2009,0.010214947884830699,0.0034049826282768997,0.0510659618272926,0.017021987275764202
MK,2010,0.0140459518880788,0.004681983962692934,0.05796065330612241,0.01932021776870747
MK,2011,0.010038290054567548,0.0033460966848558493,0.044924040501940495,0.014974680167313499
MK,2012,0.03381488267375093,0.011271627557916976,0.10338203029348467,0.03446067676449489
MK,2013,0.01895630879140679,0.006318769597135596,0.06120294677922679,0.020400982259742264
MK,2014,0.02002945407229847,0.006676484690766157,0.0627777022363442,0.020925900745448065
MK,2015,0.031335496836456596,0.010445165612152198,0.07976040692991437,0.026586802309971458
MK,2016,0.02913114492973275,0.00971038164324425,0.06753263181827965,0.022510877272759883
MK,2017,0.03045176220795285,0.01015058740265095,0.07047060506551026,0.02349020168850342
MK,2018,0.02632981431161256,0.00877660477053752,0.050487044374469665,0.016829014791489887
MK,2019,0.032765302072836205,0.010921767357612069,0.0631522489320679,0.021050749644022634
MK,2020,0.03313715489044613,0.011045718296815376,0.058680323464195744,0.01956010782139858
MK,2021,0.03342223773962391,0.01114074591320797,0.07755914495011322,0.025853048316704406
MT,2000,0.10317866824246257,0.034392889414154186,0.04632967085952417,0.01544322361984139
MT,2001,0.11607413947708306,0.03869137982569435,0.05447102244057239,0.018157007480190796
MT,2002,0.09039869953262934,0.03013289984420978,0.04320927480647453,0.014403091602158177
MT,2003,0.13483516396543685,0.044945054655145616,0.06565545828051321,0.02188515276017107
MT,2004,0.0703278195038928,0.023442606501297602,0.03416806840490379,0.011389356134967929
MT,2005,0.06702066020934674,0.022340220069782247,0.03436242195193097,0.011454140650643657
MT,2006,0.08719075472862008,0.029063584909540027,0.04740774604188159,0.01580258201396053
MT,2007,0.09130546916373398,0.03043515638791133,0.049288468095430624,0.016429489365143542
MT,2008,0.07950889129970767,0.026502963766569226,0.04283068343533148,0.014276894478443826
MT,2009,0.0869307801309626,0.028976926710320868,0.0467894400003996,0.0155964800001332
MT,2010,0.07332249934094691,0.02444083311364897,0.03885869793341095,0.012952899311136983
MT,2011,0.08037330179834129,0.026791100599447098,0.042530960341339796,0.014176986780446599
MT,2012,0.14200853918437864,0.04733617972812621,0.07588817655414076,0.025296058851380254
MT,2013,0.10126995058236622,0.03375665019412207,0.05425252259276302,0.018084174197587673
MT,2014,0.10495081443781186,0.03498360481260395,0.05684016883199443,0.018946722943998143
MT,2015,0.10202388888888898,0.034007962962963,0.06170621212070334,0.02056873737356778
MT,2016,0.099536111111111,0.03317870370370367,0.05163175080534976,0.017210583601783253
MT,2017,0.1392550000000001,0.04641833333333337,0.061998855795820165,0.02066628526527339
MT,2018,0.122345,0.04078166666666667,0.0565172338430537,0.01883907794768457
MT,2019,0.13827694444444444,0.046092314814814815,0.07983065727985157,0.026610219093283857
MT,2020,0.1543080555555554,0.05143601851851847,0.06268289831903968,0.020894299439679895
MT,2021,0.23472999999999983,0.07824333333333328,0.0811981944322391,0.02706606481074637
NL,2000,0.03815153653871074,0.012717178846236915,0.48387894840809004,0.1612929828026967
NL,2001,0.038776602357269666,0.012925534119089888,0.54688194607956,0.18229398202652
NL,2002,0.04075865808853378,0.013586219362844593,0.5937100374667844,0.19790334582226146
NL,2003,0.05863187025853815,0.01954395675284605,0.692433168711035,0.23081105623701167
NL,2004,0.04403417267806555,0.014678057559355183,0.6796958805689443,0.2265652935229814
NL,2005,0.046326771397641665,0.015442257132547222,0.7440148029171405,0.2480049343057135
NL,2006,0.07377751211828981,0.024592504039429936,0.8958316696007357,0.29861055653357854
NL,2007,0.05345097688287461,0.017816992294291536,0.9257373237391414,0.30857910791304716
NL,2008,0.057970774850943076,0.019323591616981026,0.9983171006647572,0.3327723668882524
NL,2009,0.06612339715471385,0.022041132384904617,1.0715735259582546,0.3571911753194182
NL,2010,0.07555111111111107,0.02518370370370369,1.1578358555889148,0.38594528519630494
NL,2011,0.09635194444444439,0.0321173148148148,1.1568960624029414,0.38563202080098047
NL,2012,0.11685999999999995,0.03895333333333332,1.1735339780290186,0.3911779926763395
NL,2013,0.13628500000000002,0.04542833333333334,1.181963249742843,0.393987749914281
NL,2014,0.1580700000000001,0.052690000000000035,1.1716669664501218,0.39055565548337395
NL,2015,0.17985500000000004,0.05995166666666668,1.2197049229303834,0.40656830764346114
NL,2016,0.20164000000000012,0.06721333333333337,1.1919569777564654,0.3973189925854885
NL,2017,0.22342499999999998,0.074475,1.1735148207876642,0.3911716069292214
NL,2018,0.24521000000000015,0.08173666666666672,1.301632481376201,0.433877493792067
NL,2019,0.26846000000000003,0.08948666666666667,1.3123431967571455,0.4374477322523818
NL,2020,0.2917099999999998,0.0972366666666666,1.296603098175184,0.43220103272506133
NL,2021,0.31495999999999985,0.10498666666666662,1.1743274428043833,0.39144248093479445
NO,2000,0.0044249998680568866,0.0014749999560189622,0.40769249457432577,0.13589749819144192
NO,2001,0.004345353316615666,0.0014484511055385552,0.37959853890435113,0.12653284630145037
NO,2002,0.004503777744579827,0.0015012592481932756,0.37473346221304216,0.12491115407101405
NO,2003,0.004620900136737463,0.0015403000455791545,0.3640760312356491,0.12135867707854969
NO,2004,0.004751303930979231,0.0015837679769930772,0.35291033908184893,0.11763677969394964
NO,2005,0.005248243726002987,0.0017494145753343291,0.35220321590160447,0.1174010719672015
NO,2006,0.005713541550462268,0.0019045138501540893,0.3457468862670135,0.1152489620890045
NO,2007,0.00480745530978956,0.0016024851032631867,0.2617353340062581,0.08724511133541936
NO,2008,0.005508074434294305,0.0018360248114314352,0.26895572554728864,0.08965190851576288
NO,2009,0.006496236524749581,0.0021654121749165272,0.2945452694203668,0.0981817564734556
NO,2010,0.007729042003697256,0.002576347334565752,0.30663847973286845,0.10221282657762282
NO,2011,0.007823856337473813,0.0026079521124912713,0.30647558551712273,0.10215852850570757
NO,2012,0.008384956349102194,0.0027949854497007313,0.2957943093832655,0.09859810312775517
NO,2013,0.008280181425882193,0.0027600604752940645,0.26621672240172223,0.08873890746724074
NO,2014,0.0096954895639157,0.003231829854638567,0.26332604307725305,0.08777534769241768
NO,2015,0.01281599018387762,0.004271996727959207,0.3340976402088135,0.1113658800696045
NO,2016,0.013632372464469118,0.004544124154823039,0.3397621344143228,0.11325404480477426
NO,2017,0.01571497243466448,0.0052383241448881596,0.3632252240639187,0.1210750746879729
NO,2018,0.017750475100952363,0.005916825033650788,0.3710867872384782,0.1236955957461594
NO,2019,0.019080462489135735,0.006360154163045245,0.3744555942585036,0.12481853141950121
NO,2020,0.020729846719822802,0.006909948906607601,0.3600440361791549,0.12001467872638498
NO,2021,0.021338071741685716,0.0071126905805619055,0.35676211390758156,0.11892070463586052
PL,2000,0.0009273810960368622,0.0003091270320122874,0.23569393124234533,0.07856464374744844
PL,2001,0.000995448435295888,0.0003318161450986293,0.2333998481970677,0.07779994939902256
PL,2002,0.0011616158764776285,0.0003872052921592095,0.24205422688445036,0.08068474229481679
PL,2003,0.0012969554978739138,0.0004323184992913046,0.24453853613044882,0.08151284537681627
PL,2004,0.0016610121066348888,0.0005536707022116296,0.2585800849444916,0.08619336164816387
PL,2005,0.00193488409310301,0.00064496136436767,0.27764129121367037,0.09254709707122345
PL,2006,0.0029022669613639617,0.0009674223204546539,0.3193816552172271,0.1064605517390757
PL,2007,0.003761133352978027,0.0012537111176593424,0.34224143274484414,0.11408047758161471
PL,2008,0.004875445730868634,0.0016251485769562112,0.36212421310201376,0.12070807103400459
PL,2009,0.0063717783809939515,0.0021239261269979837,0.39847501218967557,0.1328250040632252
PL,2010,0.012408617226029128,0.004136205742009709,0.47640832528971633,0.15880277509657212
PL,2011,0.008690397132293371,0.0028967990440977903,0.4421898279053067,0.1473966093017689
PL,2012,0.013069712411774657,0.004356570803924886,0.4775108759048884,0.15917029196829613
PL,2013,0.01574582763805513,0.005248609212685044,0.47650388225580287,0.15883462741860097
PL,2014,0.019681429456792826,0.006560476485597609,0.47163556373130744,0.1572118545771025
PL,2015,0.04541605597441458,0.01513868532480486,0.5436214330702445,0.18120714435674815
PL,2016,0.032735237440215996,0.010911745813405331,0.46397290615806774,0.1546576353860226
PL,2017,0.03957018739854753,0.01319006246618251,0.461860411271788,0.15395347042392935
PL,2018,0.052175505489800496,0.017391835163266832,0.4761628308929033,0.15872094363096775
PL,2019,0.0801752635866018,0.0267250878622006,0.5195724597490105,0.1731908199163368
PL,2020,0.052390164422076384,0.017463388140692128,0.449706652533766,0.14990221751125535
PL,2021,0.06570288016955088,0.02190096005651696,0.4758666622047756,0.15862222073492518
PT,2000,0.07384918250924881,0.024616394169749603,0.7491126880274013,0.24970422934246708
PT,2001,0.08271978839682993,0.027573262798943312,0.7582018818897752,0.2527339606299251
PT,2002,0.07072560210200225,0.023575200700667417,0.685155848375043,0.228385282791681
PT,2003,0.17187429102205273,0.05729143034068424,0.9678435149190037,0.3226145049730012
PT,2004,0.14202657365702648,0.047342191219008824,0.7819134889239759,0.2606378296413253
PT,2005,0.18912612208652166,0.06304204069550721,0.8565061637909829,0.2855020545969943
PT,2006,0.2413121929660859,0.08043739765536197,1.0492460321231365,0.3497486773743788
PT,2007,0.11938326275835513,0.03979442091945171,0.697780823822026,0.23259360794067532
PT,2008,0.11754501794789035,0.039181672649296784,0.6793439219190376,0.22644797397301253
PT,2009,0.2011488095307534,0.0670496031769178,0.8605090164985072,0.2868363388328357
PT,2010,0.31948388888888885,0.10649462962962962,1.213518459681098,0.40450615322703265
PT,2011,0.3025438888888887,0.1008479629629629,0.798688857634504,0.26622961921150134
PT,2012,0.28375611111111115,0.09458537037037039,0.8389657209966233,0.27965524033220773
PT,2013,0.2709080555555555,0.09030268518518518,1.0709525565309705,0.3569841855103235
PT,2014,0.2621299999999999,0.08737666666666664,0.7184490025906177,0.23948300086353924
PT,2015,0.2634280555555554,0.08780935185185179,0.8309074915815133,0.27696916386050446
PT,2016,0.2854061111111112,0.0951353703703704,1.2263302771812716,0.4087767590604239
PT,2017,0.27698,0.09232666666666667,1.1609426361189346,0.38698087870631154
PT,2018,0.29068611111111126,0.09689537037037042,0.9939529908037444,0.33131766360124815
PT,2019,0.29090611111111087,0.09696870370370363,0.7792134341958517,0.25973781139861724
PT,2020,0.3004319444444444,0.10014398148148146,1.1109058003155734,0.37030193343852447
PT,2021,0.31411611111111154,0.10470537037037052,0.6888230718119605,0.2296076906039868
RO,2000,0.04809850982167253,0.01603283660722418,0.0005301645426383388,0.0001767215142127796
RO,2001,0.06000072119266776,0.020000240397555918,0.00580061163303117,0.0019335372110103899
RO,2002,0.07240110828495712,0.024133702761652373,0.012026490664804546,0.0040088302216015155
RO,2003,0.09392777997234023,0.031309259990780075,0.01776059596466486,0.005920198654888287
RO,2004,0.07003327683654886,0.023344425612182956,0.021620963891858556,0.007206987963952852
RO,2005,0.0808877162105654,0.026962572070188467,0.02705709583287347,0.009019031944291158
RO,2006,0.10787002908286099,0.03595667636095366,0.03648919829441063,0.012163066098136876
RO,2007,0.23110082410069527,0.07703360803356508,0.058243395203372655,0.019414465067790886
RO,2008,0.1417542885520766,0.04725142951735887,0.05412218982197706,0.018040729940659018
RO,2009,0.1275653736605855,0.04252179122019517,0.0576342984499343,0.019211432816644766
RO,2010,0.2091746539066541,0.06972488463555136,0.07366396686667792,0.024554655622225974
RO,2011,0.14557281473494757,0.048524271578315854,0.06937256771882144,0.023124189239607146
RO,2012,0.3384464116860406,0.11281547056201353,0.11381731287037178,0.037939104290123926
RO,2013,0.16900164241181015,0.05633388080393672,0.08185915643915874,0.02728638547971958
RO,2014,0.14854852947193703,0.04951617649064568,0.08144584503286893,0.02714861501095631
RO,2015,0.2747219444444444,0.09157398148148148,0.11097548762297454,0.03699182920765818
RO,2016,0.27408999999999994,0.09136333333333331,0.09501881349180157,0.031672937830600524
RO,2017,0.28612888888888904,0.09537629629629635,0.10379605791006616,0.03459868597002205
RO,2018,0.2902900000000001,0.09676333333333337,0.09162239703530334,0.030540799011767778
RO,2019,0.2949330555555556,0.09831101851851853,0.10419281021843116,0.03473093673947705
RO,2020,0.3093680555555555,0.10312268518518518,0.09400574519461351,0.0313352483982045
RO,2021,0.32355194444444435,0.10785064814814811,0.10845242875732827,0.03615080958577609
RS,2000,0.02967747544200672,0.00989249181400224,0.19501432026622495,0.06500477342207499
RS,2001,0.034100997670547674,0.01136699922351589,0.19616776562961724,0.06538925520987242
RS,2002,0.023717433622716215,0.007905811207572071,0.15331271334795568,0.05110423778265189
RS,2003,0.031407930872047754,0.010469310290682585,0.17935134135332306,0.05978378045110769
RS,2004,0.020133770122337608,0.006711256707445869,0.17161053967082307,0.05720351322360769
RS,2005,0.022270463431754147,0.007423487810584716,0.18646431943436498,0.062154773144788324
RS,2006,0.03329606064241471,0.011098686880804903,0.22637359658050077,0.07545786552683359
RS,2007,0.07936341376164041,0.026454471253880136,0.4667820059367796,0.15559400197892653
RS,2008,0.055078636495334704,0.0183595454984449,0.28942174167793877,0.09647391389264626
RS,2009,0.05664857544109524,0.01888285848036508,0.28319419968273485,0.09439806656091161
RS,2010,0.08263666047115859,0.027545553490386194,0.3410003726418646,0.11366679088062154
RS,2011,0.06379110938590705,0.021263703128635684,0.28548232479218416,0.09516077493072805
RS,2012,0.1920928434258344,0.06403094780861147,0.5872842543862169,0.19576141812873896
RS,2013,0.097902115424273,0.03263403847475767,0.316089911059147,0.10536330368638235
RS,2014,0.09634814360008233,0.03211604786669411,0.30198102495044216,0.10066034165014738
RS,2015,0.17114834799392542,0.057049449331308476,0.4356357249614849,0.14521190832049496
RS,2016,0.16859204837640349,0.056197349458801164,0.3908347838011906,0.13027826126706352
RS,2017,0.16771004682882248,0.05590334894294083,0.38810983728572535,0.12936994576190844
RS,2018,0.15048514812039898,0.050161716040132996,0.2885531307185248,0.09618437690617493
RS,2019,0.16478854053591935,0.054929513511973116,0.3176154735257022,0.1058718245085674
RS,2020,0.21058327651644523,0.07019442550548174,0.3729075360569924,0.12430251201899746
RS,2021,0.21119704901654593,0.07039901633884864,0.49010071274463907,0.163366904248213
SE,2000,0.005509951300048514,0.0018366504333495045,0.5076533011256915,0.16921776704189717
SE,2001,0.005747147707992337,0.0019157159026641122,0.5020555784219879,0.16735185947399597
SE,2002,0.005969671216586081,0.0019898904055286938,0.49670203330016816,0.16556734443338939
SE,2003,0.006161628807998595,0.002053876269332865,0.4854684792965966,0.16182282643219886
SE,2004,0.0064365997505597475,0.0021455332501865826,0.47808825398294935,0.1593627513276498
SE,2005,0.006951486036831215,0.0023171620122770715,0.4665057236836222,0.15550190789454074
SE,2006,0.007499431420739833,0.0024998104735799442,0.45381748598363075,0.15127249532787693
SE,2007,0.00812101173165541,0.0027070039105518036,0.44213738476678904,0.14737912825559635
SE,2008,0.008771301162619911,0.002923767054206637,0.42829698405999506,0.14276566135333169
SE,2009,0.009547477151186815,0.0031824923837289383,0.43289129314599895,0.14429709771533297
SE,2010,0.011162407760843642,0.003720802586947881,0.44285226348959267,0.14761742116319757
SE,2011,0.010980589115938506,0.003660196371979502,0.43013091415182986,0.14337697138394329
SE,2012,0.012012845887583834,0.004004281962527945,0.4237745916740436,0.1412581972246812
SE,2013,0.0130554752653962,0.0043518250884654,0.41974754607266745,0.13991584869088916
SE,2014,0.015332600395112828,0.005110866798370943,0.4164279653454839,0.13880932178182795
SE,2015,0.015446013497439319,0.005148671165813106,0.402659223835844,0.13421974127861466
SE,2016,0.015996215614881338,0.005332071871627112,0.39867663343479903,0.13289221114493302
SE,2017,0.017131145831153546,0.005710381943717848,0.39595769632193223,0.1319858987739774
SE,2018,0.018805320592720248,0.006268440197573416,0.3931391110409062,0.13104637034696873
SE,2019,0.019707500381058392,0.006569166793686131,0.38676126277027,0.12892042092342335
SE,2020,0.021603286744455056,0.007201095581485018,0.37521428206082375,0.1250714273536079
SE,2021,0.022659327116117504,0.007553109038705835,0.37885285697473364,0.12628428565824454
SI,2000,0.005938280957730139,0.001979426985910046,0.0400550187838224,0.0133516729279408
SI,2001,0.007003177717202289,0.002334392572400763,0.04057630932082051,0.013525436440273502
SI,2002,0.008331458333594994,0.002777152777864998,0.04291844736358164,0.01430614912119388
SI,2003,0.019211103537174045,0.006403701179058015,0.056361067682646336,0.018787022560882112
SI,2004,0.01119707758181423,0.0037323591939380767,0.04638027113528044,0.015460090378426813
SI,2005,0.013978531928282651,0.004659510642760884,0.04892248863924938,0.01630749621308313
SI,2006,0.020654312622069612,0.006884770874023204,0.05665207218287482,0.018884024060958272
SI,2007,0.023395292477108965,0.007798430825702988,0.05929568512539415,0.019765228375131384
SI,2008,0.027212923666560234,0.009070974555520079,0.061483041042141556,0.020494347014047187
SI,2009,0.03116507337397699,0.010388357791325664,0.0633770102930373,0.0211256700976791
SI,2010,0.04003499999999996,0.013344999999999987,0.0689964446465404,0.02299881488218013
SI,2011,0.04327749999999998,0.014425833333333327,0.07005868444116925,0.023352894813723084
SI,2012,0.07678305555555553,0.025594351851851844,0.07902264071566553,0.026340880238555176
SI,2013,0.07435805555555557,0.024786018518518523,0.08198649478249617,0.027328831594165392
SI,2014,0.02929611111111113,0.009765370370370377,0.06666940005797217,0.022223133352657392
SI,2015,0.09075694444444449,0.03025231481481483,0.08199525597953528,0.027331751993178426
SI,2016,0.05459388888888893,0.018197962962962975,0.06717445158927589,0.022391483863091963
SI,2017,0.09069500000000001,0.03023166666666667,0.07909627980821211,0.02636542660273737
SI,2018,0.06910694444444442,0.02303564814814814,0.06837222964140263,0.02279074321380088
SI,2019,0.09325694444444442,0.03108564814814814,0.07244440919327072,0.024148136397756908
SI,2020,0.0687361111111112,0.022912037037037068,0.06330703928042417,0.021102346426808055
SI,2021,0.12027111111111095,0.04009037037037032,0.06924583367879344,0.023081944559597816
SK,2000,0.001381481607073075,0.0004604938690243583,0.06100301893286645,0.020334339644288817
SK,2001,0.002377219327467629,0.0007924064424892096,0.061891880295105055,0.020630626765035017
SK,2002,0.0037780555872899938,0.001259351862429998,0.06630038222130655,0.022100127407102182
SK,2003,0.005294023888659054,0.001764674629553018,0.06845837503994068,0.022819458346646893
SK,2004,0.005727604580775716,0.0019092015269252386,0.0676793143273468,0.022559771442448934
SK,2005,0.007409442635266806,0.002469814211755602,0.06931121302776487,0.023103737675921623
SK,2006,0.009873242081922806,0.0032910806939742687,0.07285787731606758,0.02428595910535586
SK,2007,0.01420148451472289,0.004733828171574296,0.07908047179279111,0.026360157264263703
SK,2008,0.011843611517340794,0.003947870505780265,0.07578983456938727,0.02526327818979576
SK,2009,0.01441307497032223,0.004804358323440744,0.07760911577106194,0.025869705257020648
SK,2010,0.018118104231513218,0.006039368077171072,0.0824844694303602,0.0274948231434534
SK,2011,0.017041973879591225,0.005680657959863742,0.07949267963134003,0.026497559877113344
SK,2012,0.02792602367698591,0.009308674558995303,0.08747990101799685,0.02915996700599895
SK,2013,0.026295953858042183,0.008765317952680728,0.08369002533303711,0.027896675111012372
SK,2014,0.020601114936331655,0.006867038312110552,0.07670293274295417,0.02556764424765139
SK,2015,0.03297000000000001,0.010990000000000005,0.0895536506858195,0.029851216895273164
SK,2016,0.03337000000000003,0.011123333333333344,0.07535132647737322,0.025117108825791074
SK,2017,0.03413999999999999,0.011379999999999996,0.07991174672679956,0.026637248908933184
SK,2018,0.03710000000000003,0.012366666666666677,0.07855407259037821,0.0261846908634594
SK,2019,0.037200000000000004,0.012400000000000001,0.0816935289047405,0.02723117630158017
SK,2020,0.039100000000000024,0.013033333333333341,0.07272057141405278,0.024240190471350925
SK,2021,0.03800000000000002,0.012666666666666673,0.07927005398574574,0.026423351328581913
XK,2000,0.0,0.0,0.0,0.0
XK,2001,0.0,0.0,0.0,0.0
XK,2002,0.0,0.0,0.0,0.0
XK,2003,0.0,0.0,0.0,0.0
XK,2004,0.0,0.0,0.0,0.0
XK,2005,0.0,0.0,0.0,0.0
XK,2006,0.0,0.0,0.0,0.0
XK,2007,0.08771458542705611,0.029238195142352038,0.04098516980967824,0.013661723269892748
XK,2008,0.11896393829921173,0.03965464609973724,0.05505116048129437,0.018350386827098122
XK,2009,0.09196324211409918,0.030654414038033057,0.04411260139256161,0.014704200464187203
XK,2010,0.13948667318983776,0.04649555772994592,0.06329124219423446,0.021097080731411488
XK,2011,0.11075938135460786,0.03691979378486929,0.04680712815491282,0.015602376051637607
XK,2012,0.20015017824849404,0.06671672608283134,0.08547367370112269,0.028491224567040896
XK,2013,0.22111494726731037,0.0737049824224368,0.10067609442872459,0.0335586981429082
XK,2014,0.16233673644676816,0.05411224548225605,0.0782470626752371,0.02608235422507903
XK,2015,0.17747940731407894,0.059159802438026314,0.08485225158066262,0.028284083860220872
XK,2016,0.30940463500410714,0.10313487833470238,0.13059184403560933,0.043530614678536445
XK,2017,0.37260026853348344,0.12420008951116114,0.14847887559727183,0.04949295853242394
XK,2018,0.32306864723543177,0.10768954907847726,0.1538397422163774,0.051279914072125794
XK,2019,0.42422322759803627,0.14140774253267877,0.18157024964584764,0.06052341654861588
XK,2020,0.3707959840393641,0.1235986613464547,0.15318031376025712,0.05106010458675237
XK,2021,0.3803113268616822,0.1267704422872274,0.2211842337709017,0.07372807792363391
